/*******************************************************************************
 * Size: 32 px
 * Bpp: 4
 * Opts: --size 32 --bpp 4 --format lvgl --font fonts\Inter-4.1\extras\otf\InterDisplay-SemiBold.otf -r 0x20-0x7E,0x00B0,0x0394 --force-fast-kern-format --no-compress --no-prefilter -o src\fonts\lv_font_inter_display_32.c
 ******************************************************************************/

#ifdef LV_LVGL_H_INCLUDE_SIMPLE
#include "lvgl.h"
#else
#include <lvgl.h>
#endif

#ifndef LV_FONT_INTER_DISPLAY_32
#define LV_FONT_INTER_DISPLAY_32 1
#endif

#if LV_FONT_INTER_DISPLAY_32

/*-----------------
 *    BITMAPS
 *----------------*/

/*Store the image of the glyphs*/
static LV_ATTRIBUTE_LARGE_CONST const uint8_t glyph_bitmap[] = {
    /* U+0020 " " */

    /* U+0021 "!" */
    0x4f, 0xff, 0xe0, 0x4f, 0xff, 0xe0, 0x4f, 0xff,
    0xd0, 0x3f, 0xff, 0xd0, 0x3f, 0xff, 0xd0, 0x3f,
    0xff, 0xc0, 0x2f, 0xff, 0xc0, 0x2f, 0xff, 0xc0,
    0x2f, 0xff, 0xb0, 0x1f, 0xff, 0xb0, 0x1f, 0xff,
    0xb0, 0x1f, 0xff, 0xa0, 0xf, 0xff, 0xa0, 0xf,
    0xff, 0xa0, 0xf, 0xff, 0x90, 0xf, 0xff, 0x90,
    0xb, 0xbb, 0x70, 0x0, 0x0, 0x0, 0x7, 0xcb,
    0x20, 0x5f, 0xff, 0xe0, 0x9f, 0xff, 0xf2, 0x6f,
    0xff, 0xe0, 0x9, 0xed, 0x40,

    /* U+0022 "\"" */
    0x9f, 0xff, 0x0, 0xaf, 0xff, 0x8f, 0xff, 0x0,
    0xaf, 0xfe, 0x7f, 0xff, 0x0, 0x9f, 0xfd, 0x6f,
    0xfe, 0x0, 0x8f, 0xfc, 0x6f, 0xfd, 0x0, 0x7f,
    0xfc, 0x5f, 0xfd, 0x0, 0x7f, 0xfb, 0x4f, 0xfc,
    0x0, 0x6f, 0xfa, 0x3f, 0xfb, 0x0, 0x5f, 0xf9,
    0x18, 0x86, 0x0, 0x28, 0x85,

    /* U+0023 "#" */
    0x0, 0x0, 0x0, 0xff, 0xf2, 0x0, 0x0, 0xcf,
    0xf5, 0x0, 0x0, 0x0, 0x1, 0xff, 0xf0, 0x0,
    0x0, 0xef, 0xf2, 0x0, 0x0, 0x0, 0x4, 0xff,
    0xc0, 0x0, 0x1, 0xff, 0xf0, 0x0, 0x0, 0x0,
    0x7, 0xff, 0x90, 0x0, 0x4, 0xff, 0xc0, 0x0,
    0x0, 0x0, 0xa, 0xff, 0x70, 0x0, 0x7, 0xff,
    0xa0, 0x0, 0x0, 0x11, 0x1c, 0xff, 0x61, 0x11,
    0x1a, 0xff, 0x81, 0x11, 0x3, 0xff, 0xff, 0xff,
    0xff, 0xff, 0xff, 0xff, 0xff, 0xf9, 0x6, 0xff,
    0xff, 0xff, 0xff, 0xff, 0xff, 0xff, 0xff, 0xf7,
    0x9, 0xff, 0xff, 0xff, 0xff, 0xff, 0xff, 0xff,
    0xff, 0xf4, 0x0, 0x0, 0x7f, 0xfa, 0x0, 0x0,
    0x4f, 0xfd, 0x0, 0x0, 0x0, 0x0, 0x9f, 0xf7,
    0x0, 0x0, 0x7f, 0xfa, 0x0, 0x0, 0x0, 0x0,
    0xcf, 0xf4, 0x0, 0x0, 0x9f, 0xf7, 0x0, 0x0,
    0x0, 0x0, 0xff, 0xf2, 0x0, 0x0, 0xcf, 0xf4,
    0x0, 0x0, 0x1, 0x13, 0xff, 0xf1, 0x11, 0x11,
    0xef, 0xf3, 0x11, 0x0, 0x9f, 0xff, 0xff, 0xff,
    0xff, 0xff, 0xff, 0xff, 0xff, 0x40, 0xcf, 0xff,
    0xff, 0xff, 0xff, 0xff, 0xff, 0xff, 0xff, 0x10,
    0xef, 0xff, 0xff, 0xff, 0xff, 0xff, 0xff, 0xff,
    0xff, 0x0, 0x0, 0xc, 0xff, 0x40, 0x0, 0x9,
    0xff, 0x70, 0x0, 0x0, 0x0, 0xe, 0xff, 0x20,
    0x0, 0xc, 0xff, 0x50, 0x0, 0x0, 0x0, 0x1f,
    0xff, 0x0, 0x0, 0xe, 0xff, 0x20, 0x0, 0x0,
    0x0, 0x4f, 0xfc, 0x0, 0x0, 0x1f, 0xff, 0x0,
    0x0, 0x0, 0x0, 0x6f, 0xfa, 0x0, 0x0, 0x4f,
    0xfd, 0x0, 0x0, 0x0, 0x0, 0x9f, 0xf7, 0x0,
    0x0, 0x6f, 0xfa, 0x0, 0x0, 0x0,

    /* U+0024 "$" */
    0x0, 0x0, 0x0, 0x0, 0x66, 0x40, 0x0, 0x0,
    0x0, 0x0, 0x0, 0x0, 0x0, 0x1f, 0xfa, 0x0,
    0x0, 0x0, 0x0, 0x0, 0x0, 0x0, 0x1, 0xff,
    0xa0, 0x0, 0x0, 0x0, 0x0, 0x0, 0x0, 0x0,
    0x4f, 0xfb, 0x0, 0x0, 0x0, 0x0, 0x0, 0x0,
    0x4b, 0xef, 0xff, 0xff, 0xb6, 0x0, 0x0, 0x0,
    0x1, 0xaf, 0xff, 0xff, 0xff, 0xff, 0xfc, 0x20,
    0x0, 0x0, 0xcf, 0xff, 0xff, 0xff, 0xff, 0xff,
    0xfe, 0x10, 0x0, 0x8f, 0xff, 0xfc, 0x8f, 0xfd,
    0xbf, 0xff, 0xfa, 0x0, 0xf, 0xff, 0xf9, 0x1,
    0xff, 0xa0, 0x6f, 0xff, 0xf3, 0x4, 0xff, 0xfe,
    0x0, 0x1f, 0xfa, 0x0, 0xaf, 0xff, 0x60, 0x6f,
    0xff, 0xc0, 0x1, 0xff, 0xa0, 0x5, 0xff, 0xf9,
    0x4, 0xff, 0xff, 0x10, 0x1f, 0xfa, 0x0, 0x2,
    0x22, 0x10, 0x1f, 0xff, 0xfc, 0x31, 0xff, 0xa0,
    0x0, 0x0, 0x0, 0x0, 0x9f, 0xff, 0xff, 0xdf,
    0xfa, 0x0, 0x0, 0x0, 0x0, 0x0, 0xdf, 0xff,
    0xff, 0xff, 0xfc, 0x72, 0x0, 0x0, 0x0, 0x0,
    0x8f, 0xff, 0xff, 0xff, 0xff, 0xfc, 0x20, 0x0,
    0x0, 0x0, 0x27, 0xcf, 0xff, 0xff, 0xff, 0xff,
    0x70, 0x0, 0x0, 0x0, 0x0, 0x3f, 0xff, 0xff,
    0xff, 0xff, 0x40, 0x0, 0x0, 0x0, 0x1, 0xff,
    0xa2, 0x9f, 0xff, 0xfe, 0x1, 0x22, 0x20, 0x0,
    0x1f, 0xfa, 0x0, 0x5f, 0xff, 0xf1, 0xcf, 0xff,
    0x40, 0x1, 0xff, 0xa0, 0x0, 0xef, 0xff, 0x4b,
    0xff, 0xf8, 0x0, 0x1f, 0xfa, 0x0, 0xe, 0xff,
    0xf4, 0x7f, 0xff, 0xf1, 0x1, 0xff, 0xa0, 0x4,
    0xff, 0xff, 0x11, 0xef, 0xff, 0xe4, 0x1f, 0xfa,
    0x5, 0xef, 0xff, 0xb0, 0x5, 0xff, 0xff, 0xfe,
    0xff, 0xee, 0xff, 0xff, 0xf2, 0x0, 0x9, 0xff,
    0xff, 0xff, 0xff, 0xff, 0xff, 0xf5, 0x0, 0x0,
    0x4, 0xef, 0xff, 0xff, 0xff, 0xff, 0xb2, 0x0,
    0x0, 0x0, 0x0, 0x37, 0xcf, 0xfe, 0xa6, 0x30,
    0x0, 0x0, 0x0, 0x0, 0x0, 0x1, 0xff, 0xa0,
    0x0, 0x0, 0x0, 0x0, 0x0, 0x0, 0x0, 0x1f,
    0xfa, 0x0, 0x0, 0x0, 0x0, 0x0, 0x0, 0x0,
    0x1, 0xff, 0xa0, 0x0, 0x0, 0x0, 0x0,

    /* U+0025 "%" */
    0x0, 0x3a, 0xdf, 0xc7, 0x0, 0x0, 0x0, 0x0,
    0x0, 0x7f, 0xfb, 0x0, 0x0, 0x8f, 0xff, 0xff,
    0xfd, 0x10, 0x0, 0x0, 0x0, 0x3f, 0xfe, 0x10,
    0x0, 0x4f, 0xff, 0xca, 0xef, 0xfb, 0x0, 0x0,
    0x0, 0xd, 0xff, 0x50, 0x0, 0xb, 0xff, 0x70,
    0x1, 0xff, 0xf2, 0x0, 0x0, 0x8, 0xff, 0x90,
    0x0, 0x0, 0xef, 0xf1, 0x0, 0xa, 0xff, 0x50,
    0x0, 0x4, 0xff, 0xe0, 0x0, 0x0, 0xf, 0xff,
    0x0, 0x0, 0x9f, 0xf6, 0x0, 0x1, 0xef, 0xf3,
    0x0, 0x0, 0x0, 0xcf, 0xf3, 0x0, 0xb, 0xff,
    0x40, 0x0, 0xaf, 0xf8, 0x0, 0x0, 0x0, 0x9,
    0xff, 0xc2, 0x6, 0xff, 0xf1, 0x0, 0x5f, 0xfd,
    0x0, 0x0, 0x0, 0x0, 0x1e, 0xff, 0xff, 0xff,
    0xf7, 0x0, 0x1e, 0xff, 0x20, 0x0, 0x0, 0x0,
    0x0, 0x3d, 0xff, 0xff, 0xf8, 0x0, 0xb, 0xff,
    0x70, 0x0, 0x0, 0x0, 0x0, 0x0, 0x4, 0x78,
    0x62, 0x0, 0x6, 0xff, 0xc0, 0x0, 0x0, 0x0,
    0x0, 0x0, 0x0, 0x0, 0x0, 0x0, 0x2, 0xff,
    0xf1, 0x0, 0x15, 0x87, 0x40, 0x0, 0x0, 0x0,
    0x0, 0x0, 0x0, 0xcf, 0xf5, 0x0, 0x5f, 0xff,
    0xff, 0xc1, 0x0, 0x0, 0x0, 0x0, 0x0, 0x8f,
    0xfa, 0x0, 0x5f, 0xff, 0xff, 0xff, 0xd0, 0x0,
    0x0, 0x0, 0x0, 0x3f, 0xfe, 0x10, 0xe, 0xff,
    0x81, 0x2d, 0xff, 0x70, 0x0, 0x0, 0x0, 0xd,
    0xff, 0x40, 0x3, 0xff, 0xd0, 0x0, 0x4f, 0xfb,
    0x0, 0x0, 0x0, 0x9, 0xff, 0x90, 0x0, 0x5f,
    0xf9, 0x0, 0x1, 0xff, 0xe0, 0x0, 0x0, 0x4,
    0xff, 0xd0, 0x0, 0x6, 0xff, 0x90, 0x0, 0xf,
    0xff, 0x0, 0x0, 0x1, 0xef, 0xf3, 0x0, 0x0,
    0x4f, 0xfb, 0x0, 0x2, 0xff, 0xc0, 0x0, 0x0,
    0xbf, 0xf7, 0x0, 0x0, 0x1, 0xff, 0xf2, 0x0,
    0x9f, 0xf9, 0x0, 0x0, 0x6f, 0xfc, 0x0, 0x0,
    0x0, 0x9, 0xff, 0xfa, 0xcf, 0xff, 0x20, 0x0,
    0x2f, 0xff, 0x20, 0x0, 0x0, 0x0, 0xc, 0xff,
    0xff, 0xff, 0x60, 0x0, 0xc, 0xff, 0x60, 0x0,
    0x0, 0x0, 0x0, 0x7, 0xcf, 0xda, 0x30, 0x0,

    /* U+0026 "&" */
    0x0, 0x0, 0x1, 0x8b, 0xee, 0xc8, 0x10, 0x0,
    0x0, 0x0, 0x0, 0x0, 0x5, 0xef, 0xff, 0xff,
    0xfe, 0x40, 0x0, 0x0, 0x0, 0x0, 0x2, 0xff,
    0xff, 0xff, 0xff, 0xff, 0x20, 0x0, 0x0, 0x0,
    0x0, 0xaf, 0xff, 0xc6, 0x5c, 0xff, 0xf9, 0x0,
    0x0, 0x0, 0x0, 0xe, 0xff, 0xd0, 0x0, 0xd,
    0xff, 0xc0, 0x0, 0x0, 0x0, 0x0, 0xff, 0xf9,
    0x0, 0x0, 0x9f, 0xfd, 0x0, 0x0, 0x0, 0x0,
    0xf, 0xff, 0xa0, 0x0, 0xd, 0xff, 0xa0, 0x0,
    0x0, 0x0, 0x0, 0xaf, 0xff, 0x10, 0x9, 0xff,
    0xf3, 0x0, 0x0, 0x0, 0x0, 0x2, 0xff, 0xfa,
    0x1a, 0xff, 0xf7, 0x0, 0x0, 0x0, 0x0, 0x0,
    0x7, 0xff, 0xff, 0xff, 0xf7, 0x0, 0x0, 0x0,
    0x0, 0x0, 0x0, 0xd, 0xff, 0xff, 0xe4, 0x0,
    0x0, 0x0, 0x0, 0x0, 0x0, 0x1b, 0xff, 0xff,
    0xfa, 0x0, 0x0, 0x0, 0x0, 0x0, 0x0, 0x1d,
    0xff, 0xff, 0xff, 0xf8, 0x0, 0x7, 0xff, 0xf0,
    0x0, 0xd, 0xff, 0xfc, 0x3e, 0xff, 0xf7, 0x0,
    0x9f, 0xff, 0x0, 0x7, 0xff, 0xfb, 0x0, 0x3f,
    0xff, 0xf5, 0xd, 0xff, 0xc0, 0x0, 0xdf, 0xff,
    0x10, 0x0, 0x4f, 0xff, 0xf7, 0xff, 0xf9, 0x0,
    0xf, 0xff, 0xf0, 0x0, 0x0, 0x5f, 0xff, 0xff,
    0xff, 0x30, 0x0, 0xef, 0xff, 0x20, 0x0, 0x0,
    0x7f, 0xff, 0xff, 0xc0, 0x0, 0xb, 0xff, 0xfc,
    0x0, 0x0, 0x1, 0xdf, 0xff, 0xf3, 0x0, 0x0,
    0x4f, 0xff, 0xfe, 0x85, 0x69, 0xff, 0xff, 0xff,
    0xa0, 0x0, 0x0, 0x7f, 0xff, 0xff, 0xff, 0xff,
    0xff, 0xff, 0xff, 0x70, 0x0, 0x0, 0x7e, 0xff,
    0xff, 0xff, 0xff, 0xa4, 0xef, 0xff, 0x40, 0x0,
    0x0, 0x17, 0xad, 0xfd, 0xb8, 0x20, 0x4, 0xff,
    0xfe, 0x20,

    /* U+0027 "'" */
    0x9f, 0xff, 0x8, 0xff, 0xf0, 0x7f, 0xff, 0x6,
    0xff, 0xe0, 0x6f, 0xfd, 0x5, 0xff, 0xd0, 0x4f,
    0xfc, 0x3, 0xff, 0xb0, 0x18, 0x86, 0x0,

    /* U+0028 "(" */
    0x0, 0x1, 0x44, 0x42, 0x0, 0xa, 0xff, 0xf3,
    0x0, 0x2f, 0xff, 0xc0, 0x0, 0x9f, 0xff, 0x60,
    0x0, 0xff, 0xff, 0x0, 0x4, 0xff, 0xfb, 0x0,
    0x9, 0xff, 0xf7, 0x0, 0xe, 0xff, 0xf2, 0x0,
    0x1f, 0xff, 0xe0, 0x0, 0x4f, 0xff, 0xb0, 0x0,
    0x7f, 0xff, 0x90, 0x0, 0xaf, 0xff, 0x60, 0x0,
    0xcf, 0xff, 0x30, 0x0, 0xdf, 0xff, 0x20, 0x0,
    0xef, 0xff, 0x10, 0x0, 0xff, 0xff, 0x0, 0x0,
    0xff, 0xff, 0x0, 0x0, 0xef, 0xff, 0x10, 0x0,
    0xdf, 0xff, 0x20, 0x0, 0xcf, 0xff, 0x40, 0x0,
    0x9f, 0xff, 0x70, 0x0, 0x6f, 0xff, 0xa0, 0x0,
    0x3f, 0xff, 0xd0, 0x0, 0xf, 0xff, 0xf1, 0x0,
    0xa, 0xff, 0xf6, 0x0, 0x5, 0xff, 0xfb, 0x0,
    0x0, 0xff, 0xff, 0x10, 0x0, 0x8f, 0xff, 0x70,
    0x0, 0x1f, 0xff, 0xe0, 0x0, 0x8, 0xff, 0xf4,

    /* U+0029 ")" */
    0x4, 0x44, 0x20, 0x0, 0x0, 0xef, 0xfe, 0x0,
    0x0, 0x8, 0xff, 0xf6, 0x0, 0x0, 0x2f, 0xff,
    0xd0, 0x0, 0x0, 0xcf, 0xff, 0x30, 0x0, 0x7,
    0xff, 0xf8, 0x0, 0x0, 0x3f, 0xff, 0xd0, 0x0,
    0x0, 0xef, 0xff, 0x20, 0x0, 0xa, 0xff, 0xf5,
    0x0, 0x0, 0x7f, 0xff, 0x80, 0x0, 0x4, 0xff,
    0xfb, 0x0, 0x0, 0x2f, 0xff, 0xe0, 0x0, 0x0,
    0xff, 0xff, 0x0, 0x0, 0xe, 0xff, 0xf1, 0x0,
    0x0, 0xdf, 0xff, 0x20, 0x0, 0xc, 0xff, 0xf3,
    0x0, 0x0, 0xcf, 0xff, 0x30, 0x0, 0xd, 0xff,
    0xf2, 0x0, 0x0, 0xef, 0xff, 0x10, 0x0, 0xf,
    0xff, 0xf0, 0x0, 0x3, 0xff, 0xfd, 0x0, 0x0,
    0x6f, 0xff, 0xa0, 0x0, 0x9, 0xff, 0xf7, 0x0,
    0x0, 0xdf, 0xff, 0x30, 0x0, 0x2f, 0xff, 0xe0,
    0x0, 0x7, 0xff, 0xf9, 0x0, 0x0, 0xdf, 0xff,
    0x30, 0x0, 0x3f, 0xff, 0xc0, 0x0, 0xa, 0xff,
    0xf4, 0x0, 0x1, 0xff, 0xfc, 0x0, 0x0,

    /* U+002A "*" */
    0x0, 0x0, 0x1, 0xff, 0x80, 0x0, 0x0, 0x0,
    0x0, 0x0, 0xff, 0x70, 0x0, 0x0, 0x1, 0xa1,
    0x0, 0xff, 0x60, 0x6, 0x60, 0x9, 0xff, 0x60,
    0xff, 0x52, 0xcf, 0xe1, 0xc, 0xff, 0xfb, 0xff,
    0xbf, 0xff, 0xf4, 0x0, 0x5d, 0xff, 0xff, 0xff,
    0xf8, 0x10, 0x0, 0x0, 0x7f, 0xff, 0xfd, 0x10,
    0x0, 0x0, 0x29, 0xff, 0xff, 0xff, 0xd5, 0x0,
    0x9, 0xff, 0xfd, 0xff, 0xdf, 0xff, 0xd3, 0xb,
    0xff, 0x90, 0xff, 0x54, 0xef, 0xf2, 0x2, 0xd3,
    0x0, 0xff, 0x60, 0x19, 0x80, 0x0, 0x0, 0x0,
    0xff, 0x70, 0x0, 0x0, 0x0, 0x0, 0x1, 0xff,
    0x80, 0x0, 0x0, 0x0, 0x0, 0x0, 0x22, 0x10,
    0x0, 0x0,

    /* U+002B "+" */
    0x0, 0x0, 0x0, 0x6f, 0xff, 0x0, 0x0, 0x0,
    0x0, 0x0, 0x0, 0x6, 0xff, 0xf0, 0x0, 0x0,
    0x0, 0x0, 0x0, 0x0, 0x6f, 0xff, 0x0, 0x0,
    0x0, 0x0, 0x0, 0x0, 0x6, 0xff, 0xf0, 0x0,
    0x0, 0x0, 0x0, 0x0, 0x0, 0x6f, 0xff, 0x0,
    0x0, 0x0, 0x0, 0x0, 0x0, 0x6, 0xff, 0xf0,
    0x0, 0x0, 0x0, 0x7f, 0xff, 0xff, 0xff, 0xff,
    0xff, 0xff, 0xff, 0x27, 0xff, 0xff, 0xff, 0xff,
    0xff, 0xff, 0xff, 0xf2, 0x7f, 0xff, 0xff, 0xff,
    0xff, 0xff, 0xff, 0xff, 0x22, 0x55, 0x55, 0x59,
    0xff, 0xf5, 0x55, 0x55, 0x50, 0x0, 0x0, 0x0,
    0x6f, 0xff, 0x0, 0x0, 0x0, 0x0, 0x0, 0x0,
    0x6, 0xff, 0xf0, 0x0, 0x0, 0x0, 0x0, 0x0,
    0x0, 0x6f, 0xff, 0x0, 0x0, 0x0, 0x0, 0x0,
    0x0, 0x6, 0xff, 0xf0, 0x0, 0x0, 0x0, 0x0,
    0x0, 0x0, 0x6f, 0xff, 0x0, 0x0, 0x0, 0x0,
    0x0, 0x0, 0x4, 0xcc, 0xc0, 0x0, 0x0, 0x0,

    /* U+002C "," */
    0x0, 0x66, 0x65, 0x1, 0xff, 0xfa, 0x4, 0xff,
    0xf6, 0x6, 0xff, 0xf1, 0x8, 0xff, 0xd0, 0xb,
    0xff, 0x80, 0xd, 0xff, 0x40, 0xf, 0xff, 0x0,
    0x2f, 0xfb, 0x0,

    /* U+002D "-" */
    0x5, 0x55, 0x55, 0x55, 0x55, 0x51, 0x2f, 0xff,
    0xff, 0xff, 0xff, 0xf3, 0x2f, 0xff, 0xff, 0xff,
    0xff, 0xf3, 0x2f, 0xff, 0xff, 0xff, 0xff, 0xf3,

    /* U+002E "." */
    0x7, 0xcb, 0x20, 0x5f, 0xff, 0xe0, 0x9f, 0xff,
    0xf2, 0x6f, 0xff, 0xe0, 0x9, 0xed, 0x40,

    /* U+002F "/" */
    0x0, 0x0, 0x0, 0x8, 0xff, 0xf0, 0x0, 0x0,
    0x0, 0xc, 0xff, 0xb0, 0x0, 0x0, 0x0, 0xf,
    0xff, 0x60, 0x0, 0x0, 0x0, 0x5f, 0xff, 0x20,
    0x0, 0x0, 0x0, 0x9f, 0xfe, 0x0, 0x0, 0x0,
    0x0, 0xdf, 0xfa, 0x0, 0x0, 0x0, 0x1, 0xff,
    0xf5, 0x0, 0x0, 0x0, 0x6, 0xff, 0xf1, 0x0,
    0x0, 0x0, 0xa, 0xff, 0xd0, 0x0, 0x0, 0x0,
    0xe, 0xff, 0x80, 0x0, 0x0, 0x0, 0x3f, 0xff,
    0x40, 0x0, 0x0, 0x0, 0x7f, 0xff, 0x0, 0x0,
    0x0, 0x0, 0xbf, 0xfc, 0x0, 0x0, 0x0, 0x0,
    0xff, 0xf7, 0x0, 0x0, 0x0, 0x4, 0xff, 0xf3,
    0x0, 0x0, 0x0, 0x8, 0xff, 0xf0, 0x0, 0x0,
    0x0, 0xc, 0xff, 0xa0, 0x0, 0x0, 0x0, 0x1f,
    0xff, 0x60, 0x0, 0x0, 0x0, 0x5f, 0xff, 0x20,
    0x0, 0x0, 0x0, 0x9f, 0xfe, 0x0, 0x0, 0x0,
    0x0, 0xdf, 0xf9, 0x0, 0x0, 0x0, 0x2, 0xff,
    0xf5, 0x0, 0x0, 0x0, 0x6, 0xff, 0xf1, 0x0,
    0x0, 0x0, 0xa, 0xff, 0xc0, 0x0, 0x0, 0x0,
    0xe, 0xff, 0x80, 0x0, 0x0, 0x0, 0x3f, 0xff,
    0x40, 0x0, 0x0, 0x0, 0x7f, 0xff, 0x0, 0x0,
    0x0, 0x0, 0xbf, 0xfb, 0x0, 0x0, 0x0, 0x0,

    /* U+0030 "0" */
    0x0, 0x0, 0x3, 0x8d, 0xef, 0xdb, 0x50, 0x0,
    0x0, 0x0, 0x0, 0x19, 0xff, 0xff, 0xff, 0xff,
    0xd3, 0x0, 0x0, 0x0, 0xc, 0xff, 0xff, 0xff,
    0xff, 0xff, 0xf4, 0x0, 0x0, 0xb, 0xff, 0xff,
    0xc8, 0x7a, 0xff, 0xff, 0xf2, 0x0, 0x5, 0xff,
    0xff, 0x80, 0x0, 0x2, 0xef, 0xff, 0xb0, 0x0,
    0xcf, 0xff, 0x80, 0x0, 0x0, 0x2, 0xff, 0xff,
    0x20, 0x2f, 0xff, 0xf1, 0x0, 0x0, 0x0, 0xa,
    0xff, 0xf8, 0x6, 0xff, 0xfa, 0x0, 0x0, 0x0,
    0x0, 0x3f, 0xff, 0xc0, 0x9f, 0xff, 0x50, 0x0,
    0x0, 0x0, 0x0, 0xff, 0xff, 0xc, 0xff, 0xf3,
    0x0, 0x0, 0x0, 0x0, 0xd, 0xff, 0xf2, 0xdf,
    0xff, 0x20, 0x0, 0x0, 0x0, 0x0, 0xbf, 0xff,
    0x3d, 0xff, 0xf0, 0x0, 0x0, 0x0, 0x0, 0xa,
    0xff, 0xf4, 0xdf, 0xff, 0x20, 0x0, 0x0, 0x0,
    0x0, 0xbf, 0xff, 0x3c, 0xff, 0xf3, 0x0, 0x0,
    0x0, 0x0, 0xd, 0xff, 0xf2, 0x9f, 0xff, 0x50,
    0x0, 0x0, 0x0, 0x0, 0xff, 0xff, 0x6, 0xff,
    0xfa, 0x0, 0x0, 0x0, 0x0, 0x3f, 0xff, 0xc0,
    0x2f, 0xff, 0xf1, 0x0, 0x0, 0x0, 0xa, 0xff,
    0xf8, 0x0, 0xcf, 0xff, 0x80, 0x0, 0x0, 0x2,
    0xff, 0xff, 0x20, 0x5, 0xff, 0xff, 0x60, 0x0,
    0x2, 0xdf, 0xff, 0xb0, 0x0, 0xb, 0xff, 0xff,
    0xc8, 0x7a, 0xff, 0xff, 0xf2, 0x0, 0x0, 0x1c,
    0xff, 0xff, 0xff, 0xff, 0xff, 0xf4, 0x0, 0x0,
    0x0, 0x1a, 0xff, 0xff, 0xff, 0xff, 0xd3, 0x0,
    0x0, 0x0, 0x0, 0x3, 0x9d, 0xef, 0xdb, 0x50,
    0x0, 0x0, 0x0,

    /* U+0031 "1" */
    0x0, 0x0, 0x6, 0xff, 0xff, 0x30, 0x0, 0x2c,
    0xff, 0xff, 0xf3, 0x0, 0x7f, 0xff, 0xff, 0xff,
    0x32, 0xdf, 0xff, 0xff, 0xff, 0xf3, 0x5f, 0xff,
    0xe5, 0xbf, 0xff, 0x35, 0xff, 0x91, 0xb, 0xff,
    0xf3, 0x5d, 0x30, 0x0, 0xbf, 0xff, 0x31, 0x0,
    0x0, 0xb, 0xff, 0xf3, 0x0, 0x0, 0x0, 0xbf,
    0xff, 0x30, 0x0, 0x0, 0xb, 0xff, 0xf3, 0x0,
    0x0, 0x0, 0xbf, 0xff, 0x30, 0x0, 0x0, 0xb,
    0xff, 0xf3, 0x0, 0x0, 0x0, 0xbf, 0xff, 0x30,
    0x0, 0x0, 0xb, 0xff, 0xf3, 0x0, 0x0, 0x0,
    0xbf, 0xff, 0x30, 0x0, 0x0, 0xb, 0xff, 0xf3,
    0x0, 0x0, 0x0, 0xbf, 0xff, 0x30, 0x0, 0x0,
    0xb, 0xff, 0xf3, 0x0, 0x0, 0x0, 0xbf, 0xff,
    0x30, 0x0, 0x0, 0xb, 0xff, 0xf3, 0x0, 0x0,
    0x0, 0xbf, 0xff, 0x30, 0x0, 0x0, 0xb, 0xff,
    0xf3, 0x0, 0x0, 0x0, 0xbf, 0xff, 0x30,

    /* U+0032 "2" */
    0x0, 0x0, 0x28, 0xce, 0xfd, 0xa7, 0x10, 0x0,
    0x0, 0x0, 0x9f, 0xff, 0xff, 0xff, 0xfe, 0x70,
    0x0, 0x0, 0xbf, 0xff, 0xff, 0xff, 0xff, 0xff,
    0x90, 0x0, 0x8f, 0xff, 0xfd, 0x97, 0x9e, 0xff,
    0xff, 0x50, 0x1f, 0xff, 0xf8, 0x0, 0x0, 0x9,
    0xff, 0xfe, 0x6, 0xff, 0xfb, 0x0, 0x0, 0x0,
    0xd, 0xff, 0xf3, 0x9f, 0xff, 0x50, 0x0, 0x0,
    0x0, 0x9f, 0xff, 0x5b, 0xff, 0xf2, 0x0, 0x0,
    0x0, 0x8, 0xff, 0xf4, 0x0, 0x0, 0x0, 0x0,
    0x0, 0x0, 0xbf, 0xff, 0x20, 0x0, 0x0, 0x0,
    0x0, 0x0, 0x3f, 0xff, 0xd0, 0x0, 0x0, 0x0,
    0x0, 0x0, 0x1d, 0xff, 0xf5, 0x0, 0x0, 0x0,
    0x0, 0x0, 0x1c, 0xff, 0xfa, 0x0, 0x0, 0x0,
    0x0, 0x0, 0x2d, 0xff, 0xfc, 0x0, 0x0, 0x0,
    0x0, 0x0, 0x4e, 0xff, 0xfc, 0x10, 0x0, 0x0,
    0x0, 0x0, 0x6f, 0xff, 0xfb, 0x0, 0x0, 0x0,
    0x0, 0x0, 0x8f, 0xff, 0xf9, 0x0, 0x0, 0x0,
    0x0, 0x0, 0xbf, 0xff, 0xf7, 0x0, 0x0, 0x0,
    0x0, 0x2, 0xdf, 0xff, 0xf4, 0x0, 0x0, 0x0,
    0x0, 0x3, 0xef, 0xff, 0xe3, 0x0, 0x0, 0x0,
    0x0, 0x5, 0xff, 0xff, 0xf8, 0x66, 0x66, 0x66,
    0x66, 0x63, 0xbf, 0xff, 0xff, 0xff, 0xff, 0xff,
    0xff, 0xff, 0x7b, 0xff, 0xff, 0xff, 0xff, 0xff,
    0xff, 0xff, 0xf7, 0xbf, 0xff, 0xff, 0xff, 0xff,
    0xff, 0xff, 0xff, 0x70,

    /* U+0033 "3" */
    0x0, 0x0, 0x7, 0xac, 0xfe, 0xca, 0x40, 0x0,
    0x0, 0x0, 0x7, 0xef, 0xff, 0xff, 0xff, 0xfd,
    0x40, 0x0, 0x0, 0x9f, 0xff, 0xff, 0xff, 0xff,
    0xff, 0xf4, 0x0, 0x5, 0xff, 0xff, 0xc7, 0x56,
    0x8e, 0xff, 0xff, 0x20, 0xe, 0xff, 0xf8, 0x0,
    0x0, 0x1, 0xdf, 0xff, 0x80, 0x2f, 0xff, 0xe0,
    0x0, 0x0, 0x0, 0x5f, 0xff, 0xb0, 0x29, 0x99,
    0x60, 0x0, 0x0, 0x0, 0x3f, 0xff, 0xa0, 0x0,
    0x0, 0x0, 0x0, 0x0, 0x0, 0x9f, 0xff, 0x50,
    0x0, 0x0, 0x0, 0x0, 0x1, 0x4b, 0xff, 0xfb,
    0x0, 0x0, 0x0, 0x0, 0x8f, 0xff, 0xff, 0xff,
    0x80, 0x0, 0x0, 0x0, 0x0, 0x8f, 0xff, 0xff,
    0xd4, 0x0, 0x0, 0x0, 0x0, 0x0, 0x8f, 0xff,
    0xff, 0xff, 0xd2, 0x0, 0x0, 0x0, 0x0, 0x12,
    0x35, 0x8e, 0xff, 0xff, 0x30, 0x0, 0x0, 0x0,
    0x0, 0x0, 0x0, 0xaf, 0xff, 0xc0, 0x0, 0x0,
    0x0, 0x0, 0x0, 0x0, 0xe, 0xff, 0xf3, 0xbf,
    0xff, 0x50, 0x0, 0x0, 0x0, 0xa, 0xff, 0xf6,
    0x9f, 0xff, 0x70, 0x0, 0x0, 0x0, 0xb, 0xff,
    0xf6, 0x5f, 0xff, 0xd0, 0x0, 0x0, 0x0, 0x1f,
    0xff, 0xf4, 0xe, 0xff, 0xf9, 0x0, 0x0, 0x1,
    0xcf, 0xff, 0xe0, 0x7, 0xff, 0xff, 0xd8, 0x67,
    0x9f, 0xff, 0xff, 0x60, 0x0, 0x9f, 0xff, 0xff,
    0xff, 0xff, 0xff, 0xf9, 0x0, 0x0, 0x7, 0xff,
    0xff, 0xff, 0xff, 0xfd, 0x50, 0x0, 0x0, 0x0,
    0x17, 0xbe, 0xff, 0xea, 0x60, 0x0, 0x0,

    /* U+0034 "4" */
    0x0, 0x0, 0x0, 0x0, 0x0, 0xe, 0xff, 0xff,
    0x70, 0x0, 0x0, 0x0, 0x0, 0x0, 0x0, 0xaf,
    0xff, 0xff, 0x70, 0x0, 0x0, 0x0, 0x0, 0x0,
    0x5, 0xff, 0xff, 0xff, 0x70, 0x0, 0x0, 0x0,
    0x0, 0x0, 0x2f, 0xff, 0xff, 0xff, 0x70, 0x0,
    0x0, 0x0, 0x0, 0x0, 0xcf, 0xff, 0xbf, 0xff,
    0x70, 0x0, 0x0, 0x0, 0x0, 0x8, 0xff, 0xf8,
    0x6f, 0xff, 0x70, 0x0, 0x0, 0x0, 0x0, 0x3f,
    0xff, 0xc0, 0x6f, 0xff, 0x70, 0x0, 0x0, 0x0,
    0x1, 0xef, 0xff, 0x20, 0x6f, 0xff, 0x70, 0x0,
    0x0, 0x0, 0xa, 0xff, 0xf6, 0x0, 0x6f, 0xff,
    0x70, 0x0, 0x0, 0x0, 0x6f, 0xff, 0xa0, 0x0,
    0x6f, 0xff, 0x70, 0x0, 0x0, 0x2, 0xff, 0xfe,
    0x10, 0x0, 0x6f, 0xff, 0x70, 0x0, 0x0, 0xc,
    0xff, 0xf4, 0x0, 0x0, 0x6f, 0xff, 0x70, 0x0,
    0x0, 0x8f, 0xff, 0x80, 0x0, 0x0, 0x6f, 0xff,
    0x70, 0x0, 0x4, 0xff, 0xfc, 0x0, 0x0, 0x0,
    0x6f, 0xff, 0x70, 0x0, 0xe, 0xff, 0xf8, 0x55,
    0x55, 0x55, 0xaf, 0xff, 0xa5, 0x54, 0x1f, 0xff,
    0xff, 0xff, 0xff, 0xff, 0xff, 0xff, 0xff, 0xfb,
    0x1f, 0xff, 0xff, 0xff, 0xff, 0xff, 0xff, 0xff,
    0xff, 0xfb, 0x1f, 0xff, 0xff, 0xff, 0xff, 0xff,
    0xff, 0xff, 0xff, 0xfb, 0x0, 0x0, 0x0, 0x0,
    0x0, 0x0, 0x6f, 0xff, 0x70, 0x0, 0x0, 0x0,
    0x0, 0x0, 0x0, 0x0, 0x6f, 0xff, 0x70, 0x0,
    0x0, 0x0, 0x0, 0x0, 0x0, 0x0, 0x6f, 0xff,
    0x70, 0x0, 0x0, 0x0, 0x0, 0x0, 0x0, 0x0,
    0x6f, 0xff, 0x70, 0x0, 0x0, 0x0, 0x0, 0x0,
    0x0, 0x0, 0x6f, 0xff, 0x70, 0x0,

    /* U+0035 "5" */
    0xf, 0xff, 0xff, 0xff, 0xff, 0xff, 0xff, 0xf7,
    0x0, 0xff, 0xff, 0xff, 0xff, 0xff, 0xff, 0xff,
    0x70, 0x1f, 0xff, 0xff, 0xff, 0xff, 0xff, 0xff,
    0xf7, 0x1, 0xff, 0xfd, 0x77, 0x77, 0x77, 0x77,
    0x77, 0x30, 0x2f, 0xff, 0xa0, 0x0, 0x0, 0x0,
    0x0, 0x0, 0x3, 0xff, 0xf9, 0x0, 0x0, 0x0,
    0x0, 0x0, 0x0, 0x4f, 0xff, 0x70, 0x0, 0x0,
    0x0, 0x0, 0x0, 0x5, 0xff, 0xf6, 0x7, 0xce,
    0xfd, 0xa3, 0x0, 0x0, 0x6f, 0xff, 0x8e, 0xff,
    0xff, 0xff, 0xf8, 0x0, 0x7, 0xff, 0xff, 0xff,
    0xff, 0xff, 0xff, 0xfc, 0x0, 0x8f, 0xff, 0xff,
    0xb6, 0x57, 0xcf, 0xff, 0xf7, 0x9, 0xff, 0xfe,
    0x30, 0x0, 0x0, 0x8f, 0xff, 0xf1, 0x9e, 0xee,
    0x60, 0x0, 0x0, 0x0, 0xcf, 0xff, 0x70, 0x0,
    0x0, 0x0, 0x0, 0x0, 0x5, 0xff, 0xfb, 0x0,
    0x0, 0x0, 0x0, 0x0, 0x0, 0x3f, 0xff, 0xc5,
    0x55, 0x50, 0x0, 0x0, 0x0, 0x3, 0xff, 0xfc,
    0xdf, 0xff, 0x30, 0x0, 0x0, 0x0, 0x5f, 0xff,
    0xaa, 0xff, 0xf9, 0x0, 0x0, 0x0, 0xc, 0xff,
    0xf6, 0x4f, 0xff, 0xf6, 0x0, 0x0, 0x8, 0xff,
    0xff, 0x10, 0x9f, 0xff, 0xfc, 0x75, 0x8d, 0xff,
    0xff, 0x80, 0x0, 0xcf, 0xff, 0xff, 0xff, 0xff,
    0xff, 0xb0, 0x0, 0x0, 0x8f, 0xff, 0xff, 0xff,
    0xfe, 0x60, 0x0, 0x0, 0x0, 0x18, 0xce, 0xfe,
    0xc8, 0x10, 0x0, 0x0,

    /* U+0036 "6" */
    0x0, 0x0, 0x3, 0x9d, 0xef, 0xca, 0x60, 0x0,
    0x0, 0x0, 0x1, 0xaf, 0xff, 0xff, 0xff, 0xfe,
    0x60, 0x0, 0x0, 0xc, 0xff, 0xff, 0xff, 0xff,
    0xff, 0xf6, 0x0, 0x0, 0xaf, 0xff, 0xfa, 0x75,
    0x7d, 0xff, 0xff, 0x30, 0x4, 0xff, 0xfd, 0x20,
    0x0, 0x0, 0x9f, 0xff, 0xa0, 0xb, 0xff, 0xf1,
    0x0, 0x0, 0x0, 0xa, 0xaa, 0xa0, 0x1f, 0xff,
    0x90, 0x0, 0x0, 0x0, 0x0, 0x0, 0x0, 0x5f,
    0xff, 0x40, 0x4a, 0xdf, 0xec, 0x70, 0x0, 0x0,
    0x8f, 0xff, 0x2b, 0xff, 0xff, 0xff, 0xfd, 0x20,
    0x0, 0xbf, 0xff, 0xbf, 0xff, 0xff, 0xff, 0xff,
    0xf4, 0x0, 0xcf, 0xff, 0xff, 0xf9, 0x56, 0x9f,
    0xff, 0xfd, 0x0, 0xdf, 0xff, 0xfd, 0x20, 0x0,
    0x3, 0xef, 0xff, 0x80, 0xdf, 0xff, 0xf4, 0x0,
    0x0, 0x0, 0x5f, 0xff, 0xe0, 0xcf, 0xff, 0xc0,
    0x0, 0x0, 0x0, 0xe, 0xff, 0xf2, 0xbf, 0xff,
    0x90, 0x0, 0x0, 0x0, 0xb, 0xff, 0xf3, 0x8f,
    0xff, 0xa0, 0x0, 0x0, 0x0, 0xc, 0xff, 0xf3,
    0x5f, 0xff, 0xd0, 0x0, 0x0, 0x0, 0xf, 0xff,
    0xf1, 0xf, 0xff, 0xf5, 0x0, 0x0, 0x0, 0x7f,
    0xff, 0xd0, 0x9, 0xff, 0xfe, 0x30, 0x0, 0x5,
    0xff, 0xff, 0x70, 0x1, 0xef, 0xff, 0xfa, 0x77,
    0xbf, 0xff, 0xfe, 0x0, 0x0, 0x4f, 0xff, 0xff,
    0xff, 0xff, 0xff, 0xf3, 0x0, 0x0, 0x3, 0xdf,
    0xff, 0xff, 0xff, 0xfc, 0x20, 0x0, 0x0, 0x0,
    0x5, 0xad, 0xff, 0xda, 0x40, 0x0, 0x0,

    /* U+0037 "7" */
    0x4f, 0xff, 0xff, 0xff, 0xff, 0xff, 0xff, 0xff,
    0x74, 0xff, 0xff, 0xff, 0xff, 0xff, 0xff, 0xff,
    0xf7, 0x4f, 0xff, 0xff, 0xff, 0xff, 0xff, 0xff,
    0xff, 0x72, 0x88, 0x88, 0x88, 0x88, 0x88, 0x8e,
    0xff, 0xf7, 0x0, 0x0, 0x0, 0x0, 0x0, 0x2,
    0xff, 0xff, 0x10, 0x0, 0x0, 0x0, 0x0, 0x0,
    0xaf, 0xff, 0x70, 0x0, 0x0, 0x0, 0x0, 0x0,
    0x3f, 0xff, 0xe0, 0x0, 0x0, 0x0, 0x0, 0x0,
    0xb, 0xff, 0xf7, 0x0, 0x0, 0x0, 0x0, 0x0,
    0x3, 0xff, 0xfe, 0x0, 0x0, 0x0, 0x0, 0x0,
    0x0, 0xbf, 0xff, 0x70, 0x0, 0x0, 0x0, 0x0,
    0x0, 0x3f, 0xff, 0xe0, 0x0, 0x0, 0x0, 0x0,
    0x0, 0xc, 0xff, 0xf6, 0x0, 0x0, 0x0, 0x0,
    0x0, 0x4, 0xff, 0xfe, 0x0, 0x0, 0x0, 0x0,
    0x0, 0x0, 0xcf, 0xff, 0x60, 0x0, 0x0, 0x0,
    0x0, 0x0, 0x4f, 0xff, 0xe0, 0x0, 0x0, 0x0,
    0x0, 0x0, 0xc, 0xff, 0xf6, 0x0, 0x0, 0x0,
    0x0, 0x0, 0x5, 0xff, 0xfd, 0x0, 0x0, 0x0,
    0x0, 0x0, 0x0, 0xdf, 0xff, 0x50, 0x0, 0x0,
    0x0, 0x0, 0x0, 0x5f, 0xff, 0xd0, 0x0, 0x0,
    0x0, 0x0, 0x0, 0xd, 0xff, 0xf5, 0x0, 0x0,
    0x0, 0x0, 0x0, 0x6, 0xff, 0xfd, 0x0, 0x0,
    0x0, 0x0, 0x0, 0x0, 0xef, 0xff, 0x50, 0x0,
    0x0, 0x0, 0x0, 0x0, 0x6f, 0xff, 0xd0, 0x0,
    0x0, 0x0, 0x0, 0x0,

    /* U+0038 "8" */
    0x0, 0x0, 0x18, 0xbd, 0xfe, 0xb9, 0x30, 0x0,
    0x0, 0x0, 0x9, 0xff, 0xff, 0xff, 0xff, 0xfb,
    0x20, 0x0, 0x0, 0xbf, 0xff, 0xff, 0xff, 0xff,
    0xff, 0xe1, 0x0, 0x8, 0xff, 0xff, 0xb6, 0x45,
    0x9f, 0xff, 0xfc, 0x0, 0xe, 0xff, 0xf8, 0x0,
    0x0, 0x3, 0xff, 0xff, 0x30, 0xf, 0xff, 0xf0,
    0x0, 0x0, 0x0, 0xbf, 0xff, 0x50, 0xe, 0xff,
    0xf0, 0x0, 0x0, 0x0, 0xaf, 0xff, 0x30, 0xa,
    0xff, 0xf5, 0x0, 0x0, 0x2, 0xff, 0xfe, 0x0,
    0x1, 0xff, 0xff, 0x82, 0x1, 0x5d, 0xff, 0xf5,
    0x0, 0x0, 0x2c, 0xff, 0xff, 0xff, 0xff, 0xfe,
    0x40, 0x0, 0x0, 0x0, 0x6e, 0xff, 0xff, 0xff,
    0x91, 0x0, 0x0, 0x0, 0x4e, 0xff, 0xff, 0xff,
    0xff, 0xff, 0x80, 0x0, 0x6, 0xff, 0xff, 0xb6,
    0x35, 0x9f, 0xff, 0xfb, 0x0, 0x1f, 0xff, 0xf6,
    0x0, 0x0, 0x2, 0xef, 0xff, 0x50, 0x8f, 0xff,
    0xa0, 0x0, 0x0, 0x0, 0x5f, 0xff, 0xd0, 0xbf,
    0xff, 0x50, 0x0, 0x0, 0x0, 0x1f, 0xff, 0xf0,
    0xdf, 0xff, 0x50, 0x0, 0x0, 0x0, 0xf, 0xff,
    0xf2, 0xbf, 0xff, 0x90, 0x0, 0x0, 0x0, 0x4f,
    0xff, 0xf0, 0x7f, 0xff, 0xf4, 0x0, 0x0, 0x1,
    0xdf, 0xff, 0xc0, 0x1e, 0xff, 0xff, 0xa5, 0x34,
    0x8f, 0xff, 0xff, 0x40, 0x3, 0xff, 0xff, 0xff,
    0xff, 0xff, 0xff, 0xf7, 0x0, 0x0, 0x2a, 0xff,
    0xff, 0xff, 0xff, 0xfc, 0x40, 0x0, 0x0, 0x0,
    0x28, 0xbd, 0xfe, 0xb9, 0x50, 0x0, 0x0,

    /* U+0039 "9" */
    0x0, 0x0, 0x29, 0xce, 0xfe, 0xc7, 0x10, 0x0,
    0x0, 0x0, 0x19, 0xff, 0xff, 0xff, 0xff, 0xf7,
    0x0, 0x0, 0x2, 0xef, 0xff, 0xff, 0xff, 0xff,
    0xff, 0x90, 0x0, 0xc, 0xff, 0xff, 0xd8, 0x68,
    0xdf, 0xff, 0xf6, 0x0, 0x5f, 0xff, 0xf6, 0x0,
    0x0, 0x7, 0xff, 0xfe, 0x0, 0xaf, 0xff, 0x90,
    0x0, 0x0, 0x0, 0xaf, 0xff, 0x60, 0xcf, 0xff,
    0x30, 0x0, 0x0, 0x0, 0x4f, 0xff, 0xb0, 0xdf,
    0xff, 0x20, 0x0, 0x0, 0x0, 0x3f, 0xff, 0xe0,
    0xbf, 0xff, 0x50, 0x0, 0x0, 0x0, 0x7f, 0xff,
    0xf1, 0x7f, 0xff, 0xe1, 0x0, 0x0, 0x2, 0xff,
    0xff, 0xf2, 0x1e, 0xff, 0xfe, 0x62, 0x2, 0x7f,
    0xff, 0xff, 0xf3, 0x4, 0xff, 0xff, 0xff, 0xff,
    0xff, 0xfe, 0xff, 0xf3, 0x0, 0x5e, 0xff, 0xff,
    0xff, 0xff, 0x7b, 0xff, 0xf2, 0x0, 0x1, 0x9f,
    0xff, 0xff, 0xc4, 0xc, 0xff, 0xf1, 0x0, 0x0,
    0x0, 0x23, 0x31, 0x0, 0xe, 0xff, 0xe0, 0x0,
    0x0, 0x0, 0x0, 0x0, 0x0, 0x3f, 0xff, 0xb0,
    0x7b, 0xbb, 0x30, 0x0, 0x0, 0x0, 0x9f, 0xff,
    0x70, 0x5f, 0xff, 0x90, 0x0, 0x0, 0x1, 0xef,
    0xff, 0x10, 0x1f, 0xff, 0xf5, 0x0, 0x0, 0x1c,
    0xff, 0xfa, 0x0, 0x8, 0xff, 0xff, 0xa6, 0x68,
    0xef, 0xff, 0xf1, 0x0, 0x0, 0xbf, 0xff, 0xff,
    0xff, 0xff, 0xff, 0x40, 0x0, 0x0, 0x8, 0xff,
    0xff, 0xff, 0xff, 0xd3, 0x0, 0x0, 0x0, 0x0,
    0x28, 0xbe, 0xfd, 0xb5, 0x0, 0x0, 0x0,

    /* U+003A ":" */
    0x9, 0xed, 0x30, 0x6f, 0xff, 0xe0, 0x9f, 0xff,
    0xf2, 0x5f, 0xff, 0xe0, 0x7, 0xdb, 0x20, 0x0,
    0x0, 0x0, 0x0, 0x0, 0x0, 0x0, 0x0, 0x0,
    0x0, 0x0, 0x0, 0x0, 0x0, 0x0, 0x0, 0x0,
    0x0, 0x7, 0xcb, 0x20, 0x5f, 0xff, 0xe0, 0x9f,
    0xff, 0xf2, 0x6f, 0xff, 0xe0, 0x9, 0xed, 0x40,

    /* U+003B ";" */
    0x0, 0x6c, 0xb3, 0x0, 0x4f, 0xff, 0xe0, 0x8,
    0xff, 0xff, 0x30, 0x5f, 0xff, 0xf1, 0x0, 0x8e,
    0xd4, 0x0, 0x0, 0x0, 0x0, 0x0, 0x0, 0x0,
    0x0, 0x0, 0x0, 0x0, 0x0, 0x0, 0x0, 0x0,
    0x0, 0x0, 0x0, 0x0, 0x0, 0x0, 0x0, 0x0,
    0x0, 0x0, 0x0, 0x66, 0x65, 0x0, 0x1f, 0xff,
    0xa0, 0x4, 0xff, 0xf6, 0x0, 0x6f, 0xff, 0x10,
    0x8, 0xff, 0xd0, 0x0, 0xbf, 0xf8, 0x0, 0xd,
    0xff, 0x40, 0x0, 0xff, 0xf0, 0x0, 0x2f, 0xfb,
    0x0, 0x0,

    /* U+003C "<" */
    0x0, 0x0, 0x0, 0x0, 0x0, 0x0, 0x0, 0x0,
    0x0, 0x0, 0x0, 0x0, 0x0, 0x0, 0x1, 0x8b,
    0x0, 0x0, 0x0, 0x0, 0x0, 0x2, 0x9f, 0xfc,
    0x0, 0x0, 0x0, 0x0, 0x3, 0xaf, 0xff, 0xfc,
    0x0, 0x0, 0x0, 0x3, 0xbf, 0xff, 0xff, 0xfb,
    0x0, 0x0, 0x4, 0xcf, 0xff, 0xff, 0xfd, 0x60,
    0x0, 0x5, 0xdf, 0xff, 0xff, 0xfb, 0x40, 0x0,
    0x6, 0xdf, 0xff, 0xff, 0xf9, 0x20, 0x0, 0x0,
    0xaf, 0xff, 0xff, 0xe7, 0x10, 0x0, 0x0, 0x0,
    0xaf, 0xff, 0xf5, 0x0, 0x0, 0x0, 0x0, 0x0,
    0xaf, 0xff, 0xfd, 0x70, 0x0, 0x0, 0x0, 0x0,
    0x4d, 0xff, 0xff, 0xff, 0x92, 0x0, 0x0, 0x0,
    0x0, 0x4c, 0xff, 0xff, 0xff, 0xb4, 0x0, 0x0,
    0x0, 0x0, 0x3b, 0xff, 0xff, 0xff, 0xd6, 0x0,
    0x0, 0x0, 0x0, 0x3a, 0xff, 0xff, 0xff, 0xe7,
    0x0, 0x0, 0x0, 0x0, 0x29, 0xff, 0xff, 0xfc,
    0x0, 0x0, 0x0, 0x0, 0x0, 0x18, 0xff, 0xfc,
    0x0, 0x0, 0x0, 0x0, 0x0, 0x0, 0x7, 0xec,
    0x0, 0x0, 0x0, 0x0, 0x0, 0x0, 0x0, 0x4,

    /* U+003D "=" */
    0x16, 0x66, 0x66, 0x66, 0x66, 0x66, 0x66, 0x65,
    0x2f, 0xff, 0xff, 0xff, 0xff, 0xff, 0xff, 0xfd,
    0x2f, 0xff, 0xff, 0xff, 0xff, 0xff, 0xff, 0xfd,
    0x2f, 0xff, 0xff, 0xff, 0xff, 0xff, 0xff, 0xfd,
    0x0, 0x0, 0x0, 0x0, 0x0, 0x0, 0x0, 0x0,
    0x0, 0x0, 0x0, 0x0, 0x0, 0x0, 0x0, 0x0,
    0x0, 0x0, 0x0, 0x0, 0x0, 0x0, 0x0, 0x0,
    0x16, 0x66, 0x66, 0x66, 0x66, 0x66, 0x66, 0x65,
    0x2f, 0xff, 0xff, 0xff, 0xff, 0xff, 0xff, 0xfd,
    0x2f, 0xff, 0xff, 0xff, 0xff, 0xff, 0xff, 0xfd,
    0x2f, 0xff, 0xff, 0xff, 0xff, 0xff, 0xff, 0xfd,

    /* U+003E ">" */
    0x0, 0x0, 0x0, 0x0, 0x0, 0x0, 0x0, 0x0,
    0x1, 0xd6, 0x0, 0x0, 0x0, 0x0, 0x0, 0x0,
    0x0, 0x1f, 0xfe, 0x70, 0x0, 0x0, 0x0, 0x0,
    0x0, 0x1, 0xff, 0xff, 0xe8, 0x10, 0x0, 0x0,
    0x0, 0x0, 0x1f, 0xff, 0xff, 0xff, 0x91, 0x0,
    0x0, 0x0, 0x0, 0x18, 0xef, 0xff, 0xff, 0xf9,
    0x20, 0x0, 0x0, 0x0, 0x0, 0x6d, 0xff, 0xff,
    0xff, 0xa3, 0x0, 0x0, 0x0, 0x0, 0x4, 0xbf,
    0xff, 0xff, 0xfb, 0x40, 0x0, 0x0, 0x0, 0x0,
    0x29, 0xff, 0xff, 0xff, 0x50, 0x0, 0x0, 0x0,
    0x0, 0x1, 0x9f, 0xff, 0xf5, 0x0, 0x0, 0x0,
    0x0, 0x2, 0x9f, 0xff, 0xff, 0x50, 0x0, 0x0,
    0x0, 0x4b, 0xff, 0xff, 0xff, 0xa2, 0x0, 0x0,
    0x6, 0xdf, 0xff, 0xff, 0xf9, 0x20, 0x0, 0x1,
    0x8e, 0xff, 0xff, 0xff, 0x91, 0x0, 0x0, 0xa,
    0xff, 0xff, 0xff, 0xe8, 0x10, 0x0, 0x0, 0x1,
    0xff, 0xff, 0xfe, 0x70, 0x0, 0x0, 0x0, 0x0,
    0x1f, 0xff, 0xd6, 0x0, 0x0, 0x0, 0x0, 0x0,
    0x1, 0xfc, 0x50, 0x0, 0x0, 0x0, 0x0, 0x0,
    0x0, 0x4, 0x0, 0x0, 0x0, 0x0, 0x0, 0x0,
    0x0, 0x0,

    /* U+003F "?" */
    0x0, 0x0, 0x5b, 0xef, 0xec, 0x93, 0x0, 0x0,
    0x0, 0x3c, 0xff, 0xff, 0xff, 0xff, 0xb2, 0x0,
    0x3, 0xff, 0xff, 0xff, 0xff, 0xff, 0xfd, 0x10,
    0xd, 0xff, 0xfe, 0x96, 0x7a, 0xff, 0xff, 0xb0,
    0x7f, 0xff, 0xd1, 0x0, 0x0, 0x4f, 0xff, 0xf2,
    0xcf, 0xff, 0x30, 0x0, 0x0, 0xb, 0xff, 0xf4,
    0xff, 0xff, 0x0, 0x0, 0x0, 0x9, 0xff, 0xf4,
    0x22, 0x22, 0x0, 0x0, 0x0, 0xd, 0xff, 0xf1,
    0x0, 0x0, 0x0, 0x0, 0x0, 0x7f, 0xff, 0xb0,
    0x0, 0x0, 0x0, 0x0, 0x9, 0xff, 0xfe, 0x20,
    0x0, 0x0, 0x0, 0x4, 0xef, 0xff, 0xe3, 0x0,
    0x0, 0x0, 0x0, 0x5f, 0xff, 0xfb, 0x10, 0x0,
    0x0, 0x0, 0x0, 0xef, 0xff, 0x70, 0x0, 0x0,
    0x0, 0x0, 0x4, 0xff, 0xf9, 0x0, 0x0, 0x0,
    0x0, 0x0, 0x6, 0xff, 0xf4, 0x0, 0x0, 0x0,
    0x0, 0x0, 0x7, 0xff, 0xf3, 0x0, 0x0, 0x0,
    0x0, 0x0, 0x1, 0x22, 0x20, 0x0, 0x0, 0x0,
    0x0, 0x0, 0x0, 0x0, 0x0, 0x0, 0x0, 0x0,
    0x0, 0x0, 0x1, 0xad, 0x80, 0x0, 0x0, 0x0,
    0x0, 0x0, 0xb, 0xff, 0xf8, 0x0, 0x0, 0x0,
    0x0, 0x0, 0xf, 0xff, 0xfc, 0x0, 0x0, 0x0,
    0x0, 0x0, 0xc, 0xff, 0xf9, 0x0, 0x0, 0x0,
    0x0, 0x0, 0x2, 0xcf, 0xb1, 0x0, 0x0, 0x0,

    /* U+0040 "@" */
    0x0, 0x0, 0x0, 0x0, 0x0, 0x49, 0xcd, 0xef,
    0xec, 0xa6, 0x20, 0x0, 0x0, 0x0, 0x0, 0x0,
    0x0, 0x0, 0x2, 0x9f, 0xff, 0xff, 0xff, 0xff,
    0xff, 0xfc, 0x40, 0x0, 0x0, 0x0, 0x0, 0x0,
    0x0, 0x9f, 0xff, 0xff, 0xff, 0xff, 0xff, 0xff,
    0xff, 0xfc, 0x10, 0x0, 0x0, 0x0, 0x0, 0x1c,
    0xff, 0xff, 0xfc, 0x86, 0x54, 0x57, 0xaf, 0xff,
    0xff, 0xe4, 0x0, 0x0, 0x0, 0x1, 0xef, 0xff,
    0xf8, 0x10, 0x0, 0x0, 0x0, 0x0, 0x5d, 0xff,
    0xff, 0x30, 0x0, 0x0, 0xc, 0xff, 0xfd, 0x20,
    0x0, 0x0, 0x0, 0x0, 0x0, 0x0, 0x9f, 0xff,
    0xe1, 0x0, 0x0, 0x8f, 0xff, 0xb0, 0x0, 0x4,
    0xae, 0xfd, 0x92, 0x39, 0x96, 0x8, 0xff, 0xfa,
    0x0, 0x1, 0xff, 0xfd, 0x10, 0x0, 0xaf, 0xff,
    0xff, 0xff, 0x9f, 0xfa, 0x0, 0xbf, 0xff, 0x30,
    0x9, 0xff, 0xf4, 0x0, 0xa, 0xff, 0xff, 0xff,
    0xff, 0xff, 0xfa, 0x0, 0x2f, 0xff, 0xa0, 0xf,
    0xff, 0xc0, 0x0, 0x3f, 0xff, 0xd5, 0x24, 0xaf,
    0xff, 0xfa, 0x0, 0xa, 0xff, 0xf0, 0x3f, 0xff,
    0x50, 0x0, 0xcf, 0xfd, 0x10, 0x0, 0x8, 0xff,
    0xfa, 0x0, 0x4, 0xff, 0xf4, 0x8f, 0xff, 0x10,
    0x2, 0xff, 0xf5, 0x0, 0x0, 0x1, 0xff, 0xfa,
    0x0, 0x0, 0xff, 0xf7, 0xaf, 0xfd, 0x0, 0x6,
    0xff, 0xf0, 0x0, 0x0, 0x0, 0xbf, 0xfa, 0x0,
    0x0, 0xef, 0xf9, 0xbf, 0xfc, 0x0, 0x8, 0xff,
    0xe0, 0x0, 0x0, 0x0, 0x9f, 0xfa, 0x0, 0x0,
    0xcf, 0xfa, 0xdf, 0xfb, 0x0, 0x8, 0xff, 0xc0,
    0x0, 0x0, 0x0, 0x7f, 0xfa, 0x0, 0x0, 0xbf,
    0xfb, 0xdf, 0xfb, 0x0, 0x6, 0xff, 0xe0, 0x0,
    0x0, 0x0, 0x9f, 0xfa, 0x0, 0x0, 0xcf, 0xf9,
    0xbf, 0xfc, 0x0, 0x4, 0xff, 0xf0, 0x0, 0x0,
    0x0, 0xaf, 0xfa, 0x0, 0x0, 0xef, 0xf7, 0xaf,
    0xfd, 0x0, 0x2, 0xff, 0xf5, 0x0, 0x0, 0x0,
    0xef, 0xfa, 0x0, 0x2, 0xff, 0xf5, 0x8f, 0xff,
    0x10, 0x0, 0xbf, 0xfc, 0x0, 0x0, 0x7, 0xff,
    0xfb, 0x0, 0x8, 0xff, 0xf1, 0x3f, 0xff, 0x50,
    0x0, 0x3f, 0xff, 0xc4, 0x12, 0x8f, 0xff, 0xff,
    0x31, 0x7f, 0xff, 0xb0, 0xf, 0xff, 0xc0, 0x0,
    0xa, 0xff, 0xff, 0xff, 0xff, 0xdf, 0xff, 0xff,
    0xff, 0xff, 0x20, 0x9, 0xff, 0xf3, 0x0, 0x0,
    0xaf, 0xff, 0xff, 0xfe, 0x37, 0xff, 0xff, 0xff,
    0xf4, 0x0, 0x1, 0xff, 0xfd, 0x0, 0x0, 0x5,
    0xbe, 0xfd, 0x92, 0x0, 0x5c, 0xef, 0xd8, 0x10,
    0x0, 0x0, 0x8f, 0xff, 0xb0, 0x0, 0x0, 0x0,
    0x0, 0x0, 0x0, 0x0, 0x0, 0x0, 0x0, 0x0,
    0x0, 0xc, 0xff, 0xfc, 0x10, 0x0, 0x0, 0x0,
    0x0, 0x0, 0x0, 0x0, 0x0, 0x0, 0x0, 0x0,
    0x1, 0xef, 0xff, 0xf8, 0x10, 0x0, 0x0, 0x0,
    0x0, 0x15, 0x0, 0x0, 0x0, 0x0, 0x0, 0x0,
    0x1c, 0xff, 0xff, 0xfc, 0x86, 0x44, 0x56, 0x9c,
    0xff, 0x30, 0x0, 0x0, 0x0, 0x0, 0x0, 0x0,
    0x9f, 0xff, 0xff, 0xff, 0xff, 0xff, 0xff, 0xff,
    0x90, 0x0, 0x0, 0x0, 0x0, 0x0, 0x0, 0x2,
    0xaf, 0xff, 0xff, 0xff, 0xff, 0xff, 0xff, 0xa0,
    0x0, 0x0, 0x0, 0x0, 0x0, 0x0, 0x0, 0x0,
    0x59, 0xcd, 0xff, 0xed, 0xb8, 0x51, 0x0, 0x0,
    0x0, 0x0,

    /* U+0041 "A" */
    0x0, 0x0, 0x0, 0x0, 0xaf, 0xff, 0xfe, 0x0,
    0x0, 0x0, 0x0, 0x0, 0x0, 0x0, 0x0, 0xff,
    0xff, 0xff, 0x30, 0x0, 0x0, 0x0, 0x0, 0x0,
    0x0, 0x6, 0xff, 0xff, 0xff, 0x90, 0x0, 0x0,
    0x0, 0x0, 0x0, 0x0, 0xc, 0xff, 0xff, 0xff,
    0xe0, 0x0, 0x0, 0x0, 0x0, 0x0, 0x0, 0x1f,
    0xff, 0xda, 0xff, 0xf5, 0x0, 0x0, 0x0, 0x0,
    0x0, 0x0, 0x7f, 0xff, 0x85, 0xff, 0xfa, 0x0,
    0x0, 0x0, 0x0, 0x0, 0x0, 0xdf, 0xff, 0x30,
    0xff, 0xff, 0x10, 0x0, 0x0, 0x0, 0x0, 0x3,
    0xff, 0xfe, 0x0, 0xbf, 0xff, 0x60, 0x0, 0x0,
    0x0, 0x0, 0x8, 0xff, 0xf9, 0x0, 0x6f, 0xff,
    0xc0, 0x0, 0x0, 0x0, 0x0, 0xe, 0xff, 0xf3,
    0x0, 0x1f, 0xff, 0xf2, 0x0, 0x0, 0x0, 0x0,
    0x4f, 0xff, 0xe0, 0x0, 0xb, 0xff, 0xf7, 0x0,
    0x0, 0x0, 0x0, 0xaf, 0xff, 0x90, 0x0, 0x6,
    0xff, 0xfd, 0x0, 0x0, 0x0, 0x0, 0xff, 0xff,
    0x30, 0x0, 0x1, 0xff, 0xff, 0x30, 0x0, 0x0,
    0x5, 0xff, 0xfd, 0x0, 0x0, 0x0, 0xbf, 0xff,
    0x80, 0x0, 0x0, 0xb, 0xff, 0xff, 0xff, 0xff,
    0xff, 0xff, 0xff, 0xe0, 0x0, 0x0, 0x1f, 0xff,
    0xff, 0xff, 0xff, 0xff, 0xff, 0xff, 0xf4, 0x0,
    0x0, 0x7f, 0xff, 0xff, 0xff, 0xff, 0xff, 0xff,
    0xff, 0xfa, 0x0, 0x0, 0xcf, 0xff, 0xa6, 0x66,
    0x66, 0x66, 0x69, 0xff, 0xff, 0x0, 0x2, 0xff,
    0xff, 0x20, 0x0, 0x0, 0x0, 0x1, 0xff, 0xff,
    0x50, 0x8, 0xff, 0xfd, 0x0, 0x0, 0x0, 0x0,
    0x0, 0xbf, 0xff, 0xb0, 0xe, 0xff, 0xf7, 0x0,
    0x0, 0x0, 0x0, 0x0, 0x6f, 0xff, 0xf1, 0x4f,
    0xff, 0xf2, 0x0, 0x0, 0x0, 0x0, 0x0, 0x1f,
    0xff, 0xf7, 0x9f, 0xff, 0xc0, 0x0, 0x0, 0x0,
    0x0, 0x0, 0xb, 0xff, 0xfc,

    /* U+0042 "B" */
    0xf, 0xff, 0xff, 0xff, 0xff, 0xec, 0xa6, 0x0,
    0x0, 0x0, 0xff, 0xff, 0xff, 0xff, 0xff, 0xff,
    0xfe, 0x60, 0x0, 0xf, 0xff, 0xff, 0xff, 0xff,
    0xff, 0xff, 0xff, 0x50, 0x0, 0xff, 0xff, 0x66,
    0x66, 0x67, 0xbf, 0xff, 0xff, 0x10, 0xf, 0xff,
    0xf0, 0x0, 0x0, 0x0, 0x5f, 0xff, 0xf7, 0x0,
    0xff, 0xff, 0x0, 0x0, 0x0, 0x0, 0xaf, 0xff,
    0x90, 0xf, 0xff, 0xf0, 0x0, 0x0, 0x0, 0x8,
    0xff, 0xf9, 0x0, 0xff, 0xff, 0x0, 0x0, 0x0,
    0x0, 0xaf, 0xff, 0x60, 0xf, 0xff, 0xf0, 0x0,
    0x0, 0x0, 0x3f, 0xff, 0xe1, 0x0, 0xff, 0xff,
    0x33, 0x33, 0x45, 0x9f, 0xff, 0xf5, 0x0, 0xf,
    0xff, 0xff, 0xff, 0xff, 0xff, 0xff, 0xa3, 0x0,
    0x0, 0xff, 0xff, 0xff, 0xff, 0xff, 0xff, 0xfb,
    0x60, 0x0, 0xf, 0xff, 0xff, 0xff, 0xff, 0xff,
    0xff, 0xff, 0xb1, 0x0, 0xff, 0xff, 0x0, 0x0,
    0x1, 0x39, 0xff, 0xff, 0xa0, 0xf, 0xff, 0xf0,
    0x0, 0x0, 0x0, 0x5, 0xff, 0xff, 0x20, 0xff,
    0xff, 0x0, 0x0, 0x0, 0x0, 0xd, 0xff, 0xf6,
    0xf, 0xff, 0xf0, 0x0, 0x0, 0x0, 0x0, 0xbf,
    0xff, 0x80, 0xff, 0xff, 0x0, 0x0, 0x0, 0x0,
    0xe, 0xff, 0xf7, 0xf, 0xff, 0xf0, 0x0, 0x0,
    0x0, 0x9, 0xff, 0xff, 0x30, 0xff, 0xff, 0x66,
    0x66, 0x67, 0x9e, 0xff, 0xff, 0xd0, 0xf, 0xff,
    0xff, 0xff, 0xff, 0xff, 0xff, 0xff, 0xf3, 0x0,
    0xff, 0xff, 0xff, 0xff, 0xff, 0xff, 0xff, 0xb3,
    0x0, 0xf, 0xff, 0xff, 0xff, 0xff, 0xfd, 0xb9,
    0x30, 0x0, 0x0,

    /* U+0043 "C" */
    0x0, 0x0, 0x0, 0x16, 0xbd, 0xff, 0xeb, 0x72,
    0x0, 0x0, 0x0, 0x0, 0x0, 0x19, 0xff, 0xff,
    0xff, 0xff, 0xff, 0xa1, 0x0, 0x0, 0x0, 0x2,
    0xdf, 0xff, 0xff, 0xff, 0xff, 0xff, 0xfe, 0x20,
    0x0, 0x0, 0x2e, 0xff, 0xff, 0xfe, 0xcc, 0xef,
    0xff, 0xff, 0xd1, 0x0, 0x0, 0xdf, 0xff, 0xfc,
    0x30, 0x0, 0x2, 0xaf, 0xff, 0xfb, 0x0, 0x7,
    0xff, 0xff, 0x90, 0x0, 0x0, 0x0, 0x8, 0xff,
    0xff, 0x40, 0xe, 0xff, 0xfb, 0x0, 0x0, 0x0,
    0x0, 0x0, 0xbf, 0xff, 0xb0, 0x4f, 0xff, 0xf3,
    0x0, 0x0, 0x0, 0x0, 0x0, 0x5f, 0xff, 0xf0,
    0x8f, 0xff, 0xb0, 0x0, 0x0, 0x0, 0x0, 0x0,
    0x1, 0x11, 0x10, 0xbf, 0xff, 0x90, 0x0, 0x0,
    0x0, 0x0, 0x0, 0x0, 0x0, 0x0, 0xcf, 0xff,
    0x60, 0x0, 0x0, 0x0, 0x0, 0x0, 0x0, 0x0,
    0x0, 0xdf, 0xff, 0x50, 0x0, 0x0, 0x0, 0x0,
    0x0, 0x0, 0x0, 0x0, 0xcf, 0xff, 0x60, 0x0,
    0x0, 0x0, 0x0, 0x0, 0x0, 0x0, 0x0, 0xbf,
    0xff, 0x90, 0x0, 0x0, 0x0, 0x0, 0x0, 0x0,
    0x0, 0x0, 0x8f, 0xff, 0xb0, 0x0, 0x0, 0x0,
    0x0, 0x0, 0x0, 0x0, 0x0, 0x4f, 0xff, 0xf3,
    0x0, 0x0, 0x0, 0x0, 0x0, 0x4f, 0xff, 0xf0,
    0xe, 0xff, 0xfb, 0x0, 0x0, 0x0, 0x0, 0x0,
    0xbf, 0xff, 0xb0, 0x7, 0xff, 0xff, 0x90, 0x0,
    0x0, 0x0, 0x7, 0xff, 0xff, 0x50, 0x0, 0xdf,
    0xff, 0xfc, 0x30, 0x0, 0x2, 0xaf, 0xff, 0xfb,
    0x0, 0x0, 0x2e, 0xff, 0xff, 0xfe, 0xcc, 0xef,
    0xff, 0xff, 0xd1, 0x0, 0x0, 0x2, 0xdf, 0xff,
    0xff, 0xff, 0xff, 0xff, 0xfe, 0x20, 0x0, 0x0,
    0x0, 0x19, 0xff, 0xff, 0xff, 0xff, 0xff, 0xa1,
    0x0, 0x0, 0x0, 0x0, 0x0, 0x16, 0xbd, 0xff,
    0xeb, 0x72, 0x0, 0x0, 0x0,

    /* U+0044 "D" */
    0xf, 0xff, 0xff, 0xff, 0xff, 0xdc, 0x83, 0x0,
    0x0, 0x0, 0x0, 0xff, 0xff, 0xff, 0xff, 0xff,
    0xff, 0xfc, 0x30, 0x0, 0x0, 0xf, 0xff, 0xff,
    0xff, 0xff, 0xff, 0xff, 0xff, 0x70, 0x0, 0x0,
    0xff, 0xff, 0x98, 0x89, 0xab, 0xff, 0xff, 0xff,
    0x70, 0x0, 0xf, 0xff, 0xf0, 0x0, 0x0, 0x0,
    0x7f, 0xff, 0xff, 0x40, 0x0, 0xff, 0xff, 0x0,
    0x0, 0x0, 0x0, 0x3e, 0xff, 0xfd, 0x0, 0xf,
    0xff, 0xf0, 0x0, 0x0, 0x0, 0x0, 0x5f, 0xff,
    0xf4, 0x0, 0xff, 0xff, 0x0, 0x0, 0x0, 0x0,
    0x0, 0xcf, 0xff, 0x90, 0xf, 0xff, 0xf0, 0x0,
    0x0, 0x0, 0x0, 0x6, 0xff, 0xfd, 0x0, 0xff,
    0xff, 0x0, 0x0, 0x0, 0x0, 0x0, 0x4f, 0xff,
    0xf0, 0xf, 0xff, 0xf0, 0x0, 0x0, 0x0, 0x0,
    0x1, 0xff, 0xff, 0x10, 0xff, 0xff, 0x0, 0x0,
    0x0, 0x0, 0x0, 0xf, 0xff, 0xf2, 0xf, 0xff,
    0xf0, 0x0, 0x0, 0x0, 0x0, 0x1, 0xff, 0xff,
    0x10, 0xff, 0xff, 0x0, 0x0, 0x0, 0x0, 0x0,
    0x4f, 0xff, 0xf0, 0xf, 0xff, 0xf0, 0x0, 0x0,
    0x0, 0x0, 0x6, 0xff, 0xfd, 0x0, 0xff, 0xff,
    0x0, 0x0, 0x0, 0x0, 0x0, 0xcf, 0xff, 0x90,
    0xf, 0xff, 0xf0, 0x0, 0x0, 0x0, 0x0, 0x5f,
    0xff, 0xf4, 0x0, 0xff, 0xff, 0x0, 0x0, 0x0,
    0x0, 0x3e, 0xff, 0xfd, 0x0, 0xf, 0xff, 0xf0,
    0x0, 0x0, 0x0, 0x8f, 0xff, 0xff, 0x40, 0x0,
    0xff, 0xff, 0x98, 0x89, 0xab, 0xff, 0xff, 0xff,
    0x70, 0x0, 0xf, 0xff, 0xff, 0xff, 0xff, 0xff,
    0xff, 0xff, 0x70, 0x0, 0x0, 0xff, 0xff, 0xff,
    0xff, 0xff, 0xff, 0xfb, 0x30, 0x0, 0x0, 0xf,
    0xff, 0xff, 0xff, 0xff, 0xdb, 0x73, 0x0, 0x0,
    0x0, 0x0,

    /* U+0045 "E" */
    0xf, 0xff, 0xff, 0xff, 0xff, 0xff, 0xff, 0xff,
    0xf1, 0xf, 0xff, 0xff, 0xff, 0xff, 0xff, 0xff,
    0xff, 0xf1, 0xf, 0xff, 0xff, 0xff, 0xff, 0xff,
    0xff, 0xff, 0xf1, 0xf, 0xff, 0xfa, 0x99, 0x99,
    0x99, 0x99, 0x99, 0x91, 0xf, 0xff, 0xf0, 0x0,
    0x0, 0x0, 0x0, 0x0, 0x0, 0xf, 0xff, 0xf0,
    0x0, 0x0, 0x0, 0x0, 0x0, 0x0, 0xf, 0xff,
    0xf0, 0x0, 0x0, 0x0, 0x0, 0x0, 0x0, 0xf,
    0xff, 0xf0, 0x0, 0x0, 0x0, 0x0, 0x0, 0x0,
    0xf, 0xff, 0xf0, 0x0, 0x0, 0x0, 0x0, 0x0,
    0x0, 0xf, 0xff, 0xf8, 0x88, 0x88, 0x88, 0x88,
    0x88, 0x10, 0xf, 0xff, 0xff, 0xff, 0xff, 0xff,
    0xff, 0xff, 0x30, 0xf, 0xff, 0xff, 0xff, 0xff,
    0xff, 0xff, 0xff, 0x30, 0xf, 0xff, 0xff, 0xff,
    0xff, 0xff, 0xff, 0xff, 0x30, 0xf, 0xff, 0xf0,
    0x0, 0x0, 0x0, 0x0, 0x0, 0x0, 0xf, 0xff,
    0xf0, 0x0, 0x0, 0x0, 0x0, 0x0, 0x0, 0xf,
    0xff, 0xf0, 0x0, 0x0, 0x0, 0x0, 0x0, 0x0,
    0xf, 0xff, 0xf0, 0x0, 0x0, 0x0, 0x0, 0x0,
    0x0, 0xf, 0xff, 0xf0, 0x0, 0x0, 0x0, 0x0,
    0x0, 0x0, 0xf, 0xff, 0xf0, 0x0, 0x0, 0x0,
    0x0, 0x0, 0x0, 0xf, 0xff, 0xfa, 0x99, 0x99,
    0x99, 0x99, 0x99, 0x91, 0xf, 0xff, 0xff, 0xff,
    0xff, 0xff, 0xff, 0xff, 0xf1, 0xf, 0xff, 0xff,
    0xff, 0xff, 0xff, 0xff, 0xff, 0xf1, 0xf, 0xff,
    0xff, 0xff, 0xff, 0xff, 0xff, 0xff, 0xf1,

    /* U+0046 "F" */
    0xf, 0xff, 0xff, 0xff, 0xff, 0xff, 0xff, 0xff,
    0x90, 0xff, 0xff, 0xff, 0xff, 0xff, 0xff, 0xff,
    0xf9, 0xf, 0xff, 0xff, 0xff, 0xff, 0xff, 0xff,
    0xff, 0x90, 0xff, 0xff, 0xa9, 0x99, 0x99, 0x99,
    0x99, 0x95, 0xf, 0xff, 0xf0, 0x0, 0x0, 0x0,
    0x0, 0x0, 0x0, 0xff, 0xff, 0x0, 0x0, 0x0,
    0x0, 0x0, 0x0, 0xf, 0xff, 0xf0, 0x0, 0x0,
    0x0, 0x0, 0x0, 0x0, 0xff, 0xff, 0x0, 0x0,
    0x0, 0x0, 0x0, 0x0, 0xf, 0xff, 0xf0, 0x0,
    0x0, 0x0, 0x0, 0x0, 0x0, 0xff, 0xff, 0x88,
    0x88, 0x88, 0x88, 0x88, 0x60, 0xf, 0xff, 0xff,
    0xff, 0xff, 0xff, 0xff, 0xfc, 0x0, 0xff, 0xff,
    0xff, 0xff, 0xff, 0xff, 0xff, 0xc0, 0xf, 0xff,
    0xff, 0xff, 0xff, 0xff, 0xff, 0xfc, 0x0, 0xff,
    0xff, 0x0, 0x0, 0x0, 0x0, 0x0, 0x0, 0xf,
    0xff, 0xf0, 0x0, 0x0, 0x0, 0x0, 0x0, 0x0,
    0xff, 0xff, 0x0, 0x0, 0x0, 0x0, 0x0, 0x0,
    0xf, 0xff, 0xf0, 0x0, 0x0, 0x0, 0x0, 0x0,
    0x0, 0xff, 0xff, 0x0, 0x0, 0x0, 0x0, 0x0,
    0x0, 0xf, 0xff, 0xf0, 0x0, 0x0, 0x0, 0x0,
    0x0, 0x0, 0xff, 0xff, 0x0, 0x0, 0x0, 0x0,
    0x0, 0x0, 0xf, 0xff, 0xf0, 0x0, 0x0, 0x0,
    0x0, 0x0, 0x0, 0xff, 0xff, 0x0, 0x0, 0x0,
    0x0, 0x0, 0x0, 0xf, 0xff, 0xf0, 0x0, 0x0,
    0x0, 0x0, 0x0, 0x0,

    /* U+0047 "G" */
    0x0, 0x0, 0x0, 0x16, 0xbd, 0xff, 0xeb, 0x71,
    0x0, 0x0, 0x0, 0x0, 0x0, 0x18, 0xff, 0xff,
    0xff, 0xff, 0xff, 0x81, 0x0, 0x0, 0x0, 0x2,
    0xdf, 0xff, 0xff, 0xff, 0xff, 0xff, 0xfe, 0x20,
    0x0, 0x0, 0x2e, 0xff, 0xff, 0xfe, 0xcc, 0xef,
    0xff, 0xff, 0xe1, 0x0, 0x0, 0xdf, 0xff, 0xfd,
    0x30, 0x0, 0x2, 0xaf, 0xff, 0xfd, 0x0, 0x6,
    0xff, 0xff, 0x90, 0x0, 0x0, 0x0, 0x6, 0xff,
    0xff, 0x60, 0xe, 0xff, 0xfc, 0x0, 0x0, 0x0,
    0x0, 0x0, 0xaf, 0xff, 0xc0, 0x4f, 0xff, 0xf3,
    0x0, 0x0, 0x0, 0x0, 0x0, 0x2a, 0xaa, 0x90,
    0x8f, 0xff, 0xb0, 0x0, 0x0, 0x0, 0x0, 0x0,
    0x0, 0x0, 0x0, 0xbf, 0xff, 0x90, 0x0, 0x0,
    0x0, 0x0, 0x0, 0x0, 0x0, 0x0, 0xcf, 0xff,
    0x60, 0x0, 0x0, 0x1, 0x44, 0x44, 0x44, 0x44,
    0x41, 0xdf, 0xff, 0x50, 0x0, 0x0, 0x4, 0xff,
    0xff, 0xff, 0xff, 0xf3, 0xcf, 0xff, 0x60, 0x0,
    0x0, 0x4, 0xff, 0xff, 0xff, 0xff, 0xf3, 0xbf,
    0xff, 0x90, 0x0, 0x0, 0x4, 0xff, 0xff, 0xff,
    0xff, 0xf3, 0x8f, 0xff, 0xb0, 0x0, 0x0, 0x0,
    0x0, 0x0, 0xf, 0xff, 0xf1, 0x4f, 0xff, 0xf3,
    0x0, 0x0, 0x0, 0x0, 0x0, 0x2f, 0xff, 0xf0,
    0xe, 0xff, 0xfc, 0x0, 0x0, 0x0, 0x0, 0x0,
    0x9f, 0xff, 0xb0, 0x7, 0xff, 0xff, 0x90, 0x0,
    0x0, 0x0, 0x5, 0xff, 0xff, 0x50, 0x0, 0xdf,
    0xff, 0xfd, 0x30, 0x0, 0x2, 0xaf, 0xff, 0xfc,
    0x0, 0x0, 0x2e, 0xff, 0xff, 0xfe, 0xcc, 0xff,
    0xff, 0xff, 0xe2, 0x0, 0x0, 0x2, 0xdf, 0xff,
    0xff, 0xff, 0xff, 0xff, 0xfe, 0x30, 0x0, 0x0,
    0x0, 0x19, 0xff, 0xff, 0xff, 0xff, 0xff, 0x91,
    0x0, 0x0, 0x0, 0x0, 0x0, 0x16, 0xbd, 0xff,
    0xeb, 0x72, 0x0, 0x0, 0x0,

    /* U+0048 "H" */
    0xf, 0xff, 0xf0, 0x0, 0x0, 0x0, 0x0, 0x3,
    0xff, 0xfe, 0xf, 0xff, 0xf0, 0x0, 0x0, 0x0,
    0x0, 0x3, 0xff, 0xfe, 0xf, 0xff, 0xf0, 0x0,
    0x0, 0x0, 0x0, 0x3, 0xff, 0xfe, 0xf, 0xff,
    0xf0, 0x0, 0x0, 0x0, 0x0, 0x3, 0xff, 0xfe,
    0xf, 0xff, 0xf0, 0x0, 0x0, 0x0, 0x0, 0x3,
    0xff, 0xfe, 0xf, 0xff, 0xf0, 0x0, 0x0, 0x0,
    0x0, 0x3, 0xff, 0xfe, 0xf, 0xff, 0xf0, 0x0,
    0x0, 0x0, 0x0, 0x3, 0xff, 0xfe, 0xf, 0xff,
    0xf0, 0x0, 0x0, 0x0, 0x0, 0x3, 0xff, 0xfe,
    0xf, 0xff, 0xf0, 0x0, 0x0, 0x0, 0x0, 0x3,
    0xff, 0xfe, 0xf, 0xff, 0xf9, 0x99, 0x99, 0x99,
    0x99, 0x9a, 0xff, 0xfe, 0xf, 0xff, 0xff, 0xff,
    0xff, 0xff, 0xff, 0xff, 0xff, 0xfe, 0xf, 0xff,
    0xff, 0xff, 0xff, 0xff, 0xff, 0xff, 0xff, 0xfe,
    0xf, 0xff, 0xff, 0xff, 0xff, 0xff, 0xff, 0xff,
    0xff, 0xfe, 0xf, 0xff, 0xf0, 0x0, 0x0, 0x0,
    0x0, 0x3, 0xff, 0xfe, 0xf, 0xff, 0xf0, 0x0,
    0x0, 0x0, 0x0, 0x3, 0xff, 0xfe, 0xf, 0xff,
    0xf0, 0x0, 0x0, 0x0, 0x0, 0x3, 0xff, 0xfe,
    0xf, 0xff, 0xf0, 0x0, 0x0, 0x0, 0x0, 0x3,
    0xff, 0xfe, 0xf, 0xff, 0xf0, 0x0, 0x0, 0x0,
    0x0, 0x3, 0xff, 0xfe, 0xf, 0xff, 0xf0, 0x0,
    0x0, 0x0, 0x0, 0x3, 0xff, 0xfe, 0xf, 0xff,
    0xf0, 0x0, 0x0, 0x0, 0x0, 0x3, 0xff, 0xfe,
    0xf, 0xff, 0xf0, 0x0, 0x0, 0x0, 0x0, 0x3,
    0xff, 0xfe, 0xf, 0xff, 0xf0, 0x0, 0x0, 0x0,
    0x0, 0x3, 0xff, 0xfe, 0xf, 0xff, 0xf0, 0x0,
    0x0, 0x0, 0x0, 0x3, 0xff, 0xfe,

    /* U+0049 "I" */
    0xf, 0xff, 0xf0, 0xf, 0xff, 0xf0, 0xf, 0xff,
    0xf0, 0xf, 0xff, 0xf0, 0xf, 0xff, 0xf0, 0xf,
    0xff, 0xf0, 0xf, 0xff, 0xf0, 0xf, 0xff, 0xf0,
    0xf, 0xff, 0xf0, 0xf, 0xff, 0xf0, 0xf, 0xff,
    0xf0, 0xf, 0xff, 0xf0, 0xf, 0xff, 0xf0, 0xf,
    0xff, 0xf0, 0xf, 0xff, 0xf0, 0xf, 0xff, 0xf0,
    0xf, 0xff, 0xf0, 0xf, 0xff, 0xf0, 0xf, 0xff,
    0xf0, 0xf, 0xff, 0xf0, 0xf, 0xff, 0xf0, 0xf,
    0xff, 0xf0, 0xf, 0xff, 0xf0,

    /* U+004A "J" */
    0x0, 0x0, 0x0, 0x0, 0x0, 0x4f, 0xff, 0xd0,
    0x0, 0x0, 0x0, 0x0, 0x4, 0xff, 0xfd, 0x0,
    0x0, 0x0, 0x0, 0x0, 0x4f, 0xff, 0xd0, 0x0,
    0x0, 0x0, 0x0, 0x4, 0xff, 0xfd, 0x0, 0x0,
    0x0, 0x0, 0x0, 0x4f, 0xff, 0xd0, 0x0, 0x0,
    0x0, 0x0, 0x4, 0xff, 0xfd, 0x0, 0x0, 0x0,
    0x0, 0x0, 0x4f, 0xff, 0xd0, 0x0, 0x0, 0x0,
    0x0, 0x4, 0xff, 0xfd, 0x0, 0x0, 0x0, 0x0,
    0x0, 0x4f, 0xff, 0xd0, 0x0, 0x0, 0x0, 0x0,
    0x4, 0xff, 0xfd, 0x0, 0x0, 0x0, 0x0, 0x0,
    0x4f, 0xff, 0xd0, 0x0, 0x0, 0x0, 0x0, 0x4,
    0xff, 0xfd, 0x0, 0x0, 0x0, 0x0, 0x0, 0x4f,
    0xff, 0xd0, 0x0, 0x0, 0x0, 0x0, 0x4, 0xff,
    0xfd, 0x88, 0x88, 0x0, 0x0, 0x0, 0x4f, 0xff,
    0xdf, 0xff, 0xf0, 0x0, 0x0, 0x4, 0xff, 0xfd,
    0xff, 0xff, 0x10, 0x0, 0x0, 0x6f, 0xff, 0xcd,
    0xff, 0xf4, 0x0, 0x0, 0xa, 0xff, 0xfb, 0x9f,
    0xff, 0xd1, 0x0, 0x5, 0xff, 0xff, 0x72, 0xff,
    0xff, 0xfb, 0x9c, 0xff, 0xff, 0xe1, 0x7, 0xff,
    0xff, 0xff, 0xff, 0xff, 0xf4, 0x0, 0x7, 0xff,
    0xff, 0xff, 0xff, 0xe5, 0x0, 0x0, 0x1, 0x8b,
    0xdf, 0xda, 0x70, 0x0, 0x0,

    /* U+004B "K" */
    0xf, 0xff, 0xf0, 0x0, 0x0, 0x0, 0x0, 0x8f,
    0xff, 0xf8, 0x0, 0xff, 0xff, 0x0, 0x0, 0x0,
    0x0, 0x7f, 0xff, 0xfa, 0x0, 0xf, 0xff, 0xf0,
    0x0, 0x0, 0x0, 0x5f, 0xff, 0xfb, 0x0, 0x0,
    0xff, 0xff, 0x0, 0x0, 0x0, 0x4f, 0xff, 0xfc,
    0x0, 0x0, 0xf, 0xff, 0xf0, 0x0, 0x0, 0x3f,
    0xff, 0xfd, 0x10, 0x0, 0x0, 0xff, 0xff, 0x0,
    0x0, 0x2e, 0xff, 0xfe, 0x20, 0x0, 0x0, 0xf,
    0xff, 0xf0, 0x0, 0x1d, 0xff, 0xff, 0x30, 0x0,
    0x0, 0x0, 0xff, 0xff, 0x0, 0xc, 0xff, 0xff,
    0x40, 0x0, 0x0, 0x0, 0xf, 0xff, 0xf0, 0xa,
    0xff, 0xff, 0x50, 0x0, 0x0, 0x0, 0x0, 0xff,
    0xff, 0x8, 0xff, 0xff, 0x70, 0x0, 0x0, 0x0,
    0x0, 0xf, 0xff, 0xf7, 0xff, 0xff, 0xf6, 0x0,
    0x0, 0x0, 0x0, 0x0, 0xff, 0xff, 0xff, 0xff,
    0xff, 0xf2, 0x0, 0x0, 0x0, 0x0, 0xf, 0xff,
    0xff, 0xff, 0xef, 0xff, 0xc0, 0x0, 0x0, 0x0,
    0x0, 0xff, 0xff, 0xff, 0x83, 0xff, 0xff, 0x80,
    0x0, 0x0, 0x0, 0xf, 0xff, 0xff, 0xa0, 0x8,
    0xff, 0xff, 0x30, 0x0, 0x0, 0x0, 0xff, 0xff,
    0xb0, 0x0, 0xc, 0xff, 0xfd, 0x0, 0x0, 0x0,
    0xf, 0xff, 0xf1, 0x0, 0x0, 0x2f, 0xff, 0xf9,
    0x0, 0x0, 0x0, 0xff, 0xff, 0x0, 0x0, 0x0,
    0x7f, 0xff, 0xf4, 0x0, 0x0, 0xf, 0xff, 0xf0,
    0x0, 0x0, 0x0, 0xcf, 0xff, 0xe1, 0x0, 0x0,
    0xff, 0xff, 0x0, 0x0, 0x0, 0x2, 0xff, 0xff,
    0xb0, 0x0, 0xf, 0xff, 0xf0, 0x0, 0x0, 0x0,
    0x6, 0xff, 0xff, 0x60, 0x0, 0xff, 0xff, 0x0,
    0x0, 0x0, 0x0, 0xb, 0xff, 0xff, 0x20, 0xf,
    0xff, 0xf0, 0x0, 0x0, 0x0, 0x0, 0x1e, 0xff,
    0xfc, 0x0,

    /* U+004C "L" */
    0xf, 0xff, 0xf0, 0x0, 0x0, 0x0, 0x0, 0x0,
    0xf, 0xff, 0xf0, 0x0, 0x0, 0x0, 0x0, 0x0,
    0xf, 0xff, 0xf0, 0x0, 0x0, 0x0, 0x0, 0x0,
    0xf, 0xff, 0xf0, 0x0, 0x0, 0x0, 0x0, 0x0,
    0xf, 0xff, 0xf0, 0x0, 0x0, 0x0, 0x0, 0x0,
    0xf, 0xff, 0xf0, 0x0, 0x0, 0x0, 0x0, 0x0,
    0xf, 0xff, 0xf0, 0x0, 0x0, 0x0, 0x0, 0x0,
    0xf, 0xff, 0xf0, 0x0, 0x0, 0x0, 0x0, 0x0,
    0xf, 0xff, 0xf0, 0x0, 0x0, 0x0, 0x0, 0x0,
    0xf, 0xff, 0xf0, 0x0, 0x0, 0x0, 0x0, 0x0,
    0xf, 0xff, 0xf0, 0x0, 0x0, 0x0, 0x0, 0x0,
    0xf, 0xff, 0xf0, 0x0, 0x0, 0x0, 0x0, 0x0,
    0xf, 0xff, 0xf0, 0x0, 0x0, 0x0, 0x0, 0x0,
    0xf, 0xff, 0xf0, 0x0, 0x0, 0x0, 0x0, 0x0,
    0xf, 0xff, 0xf0, 0x0, 0x0, 0x0, 0x0, 0x0,
    0xf, 0xff, 0xf0, 0x0, 0x0, 0x0, 0x0, 0x0,
    0xf, 0xff, 0xf0, 0x0, 0x0, 0x0, 0x0, 0x0,
    0xf, 0xff, 0xf0, 0x0, 0x0, 0x0, 0x0, 0x0,
    0xf, 0xff, 0xf0, 0x0, 0x0, 0x0, 0x0, 0x0,
    0xf, 0xff, 0xfa, 0x99, 0x99, 0x99, 0x99, 0x98,
    0xf, 0xff, 0xff, 0xff, 0xff, 0xff, 0xff, 0xfd,
    0xf, 0xff, 0xff, 0xff, 0xff, 0xff, 0xff, 0xfd,
    0xf, 0xff, 0xff, 0xff, 0xff, 0xff, 0xff, 0xfd,

    /* U+004D "M" */
    0xf, 0xff, 0xff, 0xf1, 0x0, 0x0, 0x0, 0x0,
    0x0, 0xd, 0xff, 0xff, 0xf4, 0xf, 0xff, 0xff,
    0xf6, 0x0, 0x0, 0x0, 0x0, 0x0, 0x3f, 0xff,
    0xff, 0xf4, 0xf, 0xff, 0xff, 0xfc, 0x0, 0x0,
    0x0, 0x0, 0x0, 0x9f, 0xff, 0xff, 0xf4, 0xf,
    0xff, 0xff, 0xff, 0x20, 0x0, 0x0, 0x0, 0x0,
    0xff, 0xff, 0xff, 0xf4, 0xf, 0xff, 0xff, 0xff,
    0x80, 0x0, 0x0, 0x0, 0x5, 0xff, 0xff, 0xff,
    0xf4, 0xf, 0xff, 0xef, 0xff, 0xe0, 0x0, 0x0,
    0x0, 0xb, 0xff, 0xfc, 0xff, 0xf4, 0xf, 0xff,
    0xea, 0xff, 0xf4, 0x0, 0x0, 0x0, 0x1f, 0xff,
    0xcb, 0xff, 0xf4, 0xf, 0xff, 0xe5, 0xff, 0xfa,
    0x0, 0x0, 0x0, 0x7f, 0xff, 0x7b, 0xff, 0xf4,
    0xf, 0xff, 0xf0, 0xff, 0xff, 0x10, 0x0, 0x0,
    0xdf, 0xff, 0x2b, 0xff, 0xf4, 0xf, 0xff, 0xf0,
    0xaf, 0xff, 0x60, 0x0, 0x2, 0xff, 0xfd, 0xc,
    0xff, 0xf4, 0xf, 0xff, 0xf0, 0x5f, 0xff, 0xc0,
    0x0, 0x8, 0xff, 0xf7, 0xc, 0xff, 0xf4, 0xf,
    0xff, 0xf0, 0xe, 0xff, 0xf2, 0x0, 0xe, 0xff,
    0xf2, 0xc, 0xff, 0xf4, 0xf, 0xff, 0xf0, 0x9,
    0xff, 0xf8, 0x0, 0x4f, 0xff, 0xc0, 0xc, 0xff,
    0xf4, 0xf, 0xff, 0xf0, 0x3, 0xff, 0xfd, 0x0,
    0x9f, 0xff, 0x60, 0xc, 0xff, 0xf4, 0xf, 0xff,
    0xf0, 0x0, 0xdf, 0xff, 0x30, 0xef, 0xff, 0x0,
    0xc, 0xff, 0xf4, 0xf, 0xff, 0xf0, 0x0, 0x6f,
    0xff, 0x83, 0xff, 0xfa, 0x0, 0xc, 0xff, 0xf4,
    0xf, 0xff, 0xf0, 0x0, 0x1f, 0xff, 0xd8, 0xff,
    0xf4, 0x0, 0xc, 0xff, 0xf4, 0xf, 0xff, 0xf0,
    0x0, 0xa, 0xff, 0xfe, 0xff, 0xd0, 0x0, 0xc,
    0xff, 0xf4, 0xf, 0xff, 0xf0, 0x0, 0x4, 0xff,
    0xff, 0xff, 0x70, 0x0, 0xc, 0xff, 0xf4, 0xf,
    0xff, 0xf0, 0x0, 0x0, 0xef, 0xff, 0xff, 0x20,
    0x0, 0xc, 0xff, 0xf4, 0xf, 0xff, 0xf0, 0x0,
    0x0, 0x8f, 0xff, 0xfb, 0x0, 0x0, 0xc, 0xff,
    0xf4, 0xf, 0xff, 0xf0, 0x0, 0x0, 0x2f, 0xff,
    0xf5, 0x0, 0x0, 0xc, 0xff, 0xf4, 0xf, 0xff,
    0xf0, 0x0, 0x0, 0xc, 0xff, 0xf0, 0x0, 0x0,
    0xc, 0xff, 0xf4,

    /* U+004E "N" */
    0xf, 0xff, 0xfb, 0x0, 0x0, 0x0, 0x0, 0x0,
    0xff, 0xff, 0x10, 0xff, 0xff, 0xf5, 0x0, 0x0,
    0x0, 0x0, 0xf, 0xff, 0xf1, 0xf, 0xff, 0xff,
    0xe1, 0x0, 0x0, 0x0, 0x0, 0xff, 0xff, 0x10,
    0xff, 0xff, 0xff, 0x90, 0x0, 0x0, 0x0, 0xf,
    0xff, 0xf1, 0xf, 0xff, 0xff, 0xff, 0x40, 0x0,
    0x0, 0x0, 0xff, 0xff, 0x10, 0xff, 0xff, 0xff,
    0xfd, 0x0, 0x0, 0x0, 0xf, 0xff, 0xf1, 0xf,
    0xff, 0xfb, 0xff, 0xf8, 0x0, 0x0, 0x0, 0xff,
    0xff, 0x10, 0xff, 0xff, 0x2f, 0xff, 0xf2, 0x0,
    0x0, 0xf, 0xff, 0xf1, 0xf, 0xff, 0xf0, 0x8f,
    0xff, 0xc0, 0x0, 0x0, 0xff, 0xff, 0x10, 0xff,
    0xff, 0x0, 0xef, 0xff, 0x70, 0x0, 0xf, 0xff,
    0xf1, 0xf, 0xff, 0xf0, 0x5, 0xff, 0xff, 0x10,
    0x0, 0xff, 0xff, 0x10, 0xff, 0xff, 0x0, 0xb,
    0xff, 0xfb, 0x0, 0xf, 0xff, 0xf1, 0xf, 0xff,
    0xf0, 0x0, 0x1f, 0xff, 0xf5, 0x0, 0xff, 0xff,
    0x10, 0xff, 0xff, 0x0, 0x0, 0x6f, 0xff, 0xe0,
    0xf, 0xff, 0xf1, 0xf, 0xff, 0xf0, 0x0, 0x0,
    0xcf, 0xff, 0x90, 0xff, 0xff, 0x10, 0xff, 0xff,
    0x0, 0x0, 0x2, 0xff, 0xff, 0x2f, 0xff, 0xf1,
    0xf, 0xff, 0xf0, 0x0, 0x0, 0x8, 0xff, 0xfb,
    0xff, 0xff, 0x10, 0xff, 0xff, 0x0, 0x0, 0x0,
    0xd, 0xff, 0xff, 0xff, 0xf1, 0xf, 0xff, 0xf0,
    0x0, 0x0, 0x0, 0x3f, 0xff, 0xff, 0xff, 0x10,
    0xff, 0xff, 0x0, 0x0, 0x0, 0x0, 0x9f, 0xff,
    0xff, 0xf1, 0xf, 0xff, 0xf0, 0x0, 0x0, 0x0,
    0x0, 0xef, 0xff, 0xff, 0x10, 0xff, 0xff, 0x0,
    0x0, 0x0, 0x0, 0x5, 0xff, 0xff, 0xf1, 0xf,
    0xff, 0xf0, 0x0, 0x0, 0x0, 0x0, 0xa, 0xff,
    0xff, 0x10,

    /* U+004F "O" */
    0x0, 0x0, 0x0, 0x16, 0xbd, 0xff, 0xdb, 0x61,
    0x0, 0x0, 0x0, 0x0, 0x0, 0x19, 0xff, 0xff,
    0xff, 0xff, 0xff, 0x80, 0x0, 0x0, 0x0, 0x2,
    0xdf, 0xff, 0xff, 0xff, 0xff, 0xff, 0xfd, 0x20,
    0x0, 0x0, 0x2e, 0xff, 0xff, 0xfe, 0xcc, 0xef,
    0xff, 0xff, 0xe1, 0x0, 0x0, 0xdf, 0xff, 0xfc,
    0x30, 0x0, 0x3, 0xdf, 0xff, 0xfc, 0x0, 0x6,
    0xff, 0xff, 0x80, 0x0, 0x0, 0x0, 0x9, 0xff,
    0xff, 0x50, 0xe, 0xff, 0xfc, 0x0, 0x0, 0x0,
    0x0, 0x0, 0xdf, 0xff, 0xd0, 0x4f, 0xff, 0xf3,
    0x0, 0x0, 0x0, 0x0, 0x0, 0x4f, 0xff, 0xf3,
    0x8f, 0xff, 0xb0, 0x0, 0x0, 0x0, 0x0, 0x0,
    0xc, 0xff, 0xf7, 0xbf, 0xff, 0x70, 0x0, 0x0,
    0x0, 0x0, 0x0, 0x8, 0xff, 0xfa, 0xcf, 0xff,
    0x50, 0x0, 0x0, 0x0, 0x0, 0x0, 0x6, 0xff,
    0xfb, 0xdf, 0xff, 0x40, 0x0, 0x0, 0x0, 0x0,
    0x0, 0x6, 0xff, 0xfc, 0xcf, 0xff, 0x50, 0x0,
    0x0, 0x0, 0x0, 0x0, 0x6, 0xff, 0xfb, 0xbf,
    0xff, 0x70, 0x0, 0x0, 0x0, 0x0, 0x0, 0x8,
    0xff, 0xfa, 0x8f, 0xff, 0xb0, 0x0, 0x0, 0x0,
    0x0, 0x0, 0xc, 0xff, 0xf7, 0x4f, 0xff, 0xf3,
    0x0, 0x0, 0x0, 0x0, 0x0, 0x4f, 0xff, 0xf3,
    0xe, 0xff, 0xfc, 0x0, 0x0, 0x0, 0x0, 0x0,
    0xdf, 0xff, 0xd0, 0x6, 0xff, 0xff, 0x80, 0x0,
    0x0, 0x0, 0x9, 0xff, 0xff, 0x50, 0x0, 0xdf,
    0xff, 0xfc, 0x30, 0x0, 0x3, 0xdf, 0xff, 0xfc,
    0x0, 0x0, 0x2e, 0xff, 0xff, 0xfe, 0xcc, 0xef,
    0xff, 0xff, 0xe1, 0x0, 0x0, 0x2, 0xdf, 0xff,
    0xff, 0xff, 0xff, 0xff, 0xfd, 0x20, 0x0, 0x0,
    0x0, 0x19, 0xff, 0xff, 0xff, 0xff, 0xff, 0x80,
    0x0, 0x0, 0x0, 0x0, 0x0, 0x17, 0xbd, 0xff,
    0xdb, 0x61, 0x0, 0x0, 0x0,

    /* U+0050 "P" */
    0xf, 0xff, 0xff, 0xff, 0xff, 0xfd, 0xa5, 0x0,
    0x0, 0x0, 0xff, 0xff, 0xff, 0xff, 0xff, 0xff,
    0xfc, 0x40, 0x0, 0xf, 0xff, 0xff, 0xff, 0xff,
    0xff, 0xff, 0xff, 0x60, 0x0, 0xff, 0xff, 0x98,
    0x88, 0x9b, 0xdf, 0xff, 0xff, 0x20, 0xf, 0xff,
    0xf0, 0x0, 0x0, 0x0, 0x5f, 0xff, 0xfa, 0x0,
    0xff, 0xff, 0x0, 0x0, 0x0, 0x0, 0x6f, 0xff,
    0xe0, 0xf, 0xff, 0xf0, 0x0, 0x0, 0x0, 0x1,
    0xff, 0xff, 0x10, 0xff, 0xff, 0x0, 0x0, 0x0,
    0x0, 0xf, 0xff, 0xf1, 0xf, 0xff, 0xf0, 0x0,
    0x0, 0x0, 0x2, 0xff, 0xff, 0x0, 0xff, 0xff,
    0x0, 0x0, 0x0, 0x0, 0xbf, 0xff, 0xc0, 0xf,
    0xff, 0xf0, 0x0, 0x0, 0x15, 0xcf, 0xff, 0xf6,
    0x0, 0xff, 0xff, 0xff, 0xff, 0xff, 0xff, 0xff,
    0xfc, 0x0, 0xf, 0xff, 0xff, 0xff, 0xff, 0xff,
    0xff, 0xfc, 0x10, 0x0, 0xff, 0xff, 0xff, 0xff,
    0xff, 0xff, 0xd5, 0x0, 0x0, 0xf, 0xff, 0xf9,
    0x88, 0x88, 0x86, 0x30, 0x0, 0x0, 0x0, 0xff,
    0xff, 0x0, 0x0, 0x0, 0x0, 0x0, 0x0, 0x0,
    0xf, 0xff, 0xf0, 0x0, 0x0, 0x0, 0x0, 0x0,
    0x0, 0x0, 0xff, 0xff, 0x0, 0x0, 0x0, 0x0,
    0x0, 0x0, 0x0, 0xf, 0xff, 0xf0, 0x0, 0x0,
    0x0, 0x0, 0x0, 0x0, 0x0, 0xff, 0xff, 0x0,
    0x0, 0x0, 0x0, 0x0, 0x0, 0x0, 0xf, 0xff,
    0xf0, 0x0, 0x0, 0x0, 0x0, 0x0, 0x0, 0x0,
    0xff, 0xff, 0x0, 0x0, 0x0, 0x0, 0x0, 0x0,
    0x0, 0xf, 0xff, 0xf0, 0x0, 0x0, 0x0, 0x0,
    0x0, 0x0, 0x0,

    /* U+0051 "Q" */
    0x0, 0x0, 0x0, 0x16, 0xbd, 0xff, 0xdb, 0x61,
    0x0, 0x0, 0x0, 0x0, 0x0, 0x19, 0xff, 0xff,
    0xff, 0xff, 0xff, 0x80, 0x0, 0x0, 0x0, 0x2,
    0xdf, 0xff, 0xff, 0xff, 0xff, 0xff, 0xfd, 0x20,
    0x0, 0x0, 0x2e, 0xff, 0xff, 0xfe, 0xcc, 0xef,
    0xff, 0xff, 0xe1, 0x0, 0x0, 0xdf, 0xff, 0xfc,
    0x30, 0x0, 0x3, 0xdf, 0xff, 0xfc, 0x0, 0x6,
    0xff, 0xff, 0x80, 0x0, 0x0, 0x0, 0x9, 0xff,
    0xff, 0x60, 0xe, 0xff, 0xfc, 0x0, 0x0, 0x0,
    0x0, 0x0, 0xdf, 0xff, 0xd0, 0x4f, 0xff, 0xf3,
    0x0, 0x0, 0x0, 0x0, 0x0, 0x4f, 0xff, 0xf3,
    0x8f, 0xff, 0xb0, 0x0, 0x0, 0x0, 0x0, 0x0,
    0xc, 0xff, 0xf7, 0xbf, 0xff, 0x70, 0x0, 0x0,
    0x0, 0x0, 0x0, 0x8, 0xff, 0xfa, 0xcf, 0xff,
    0x50, 0x0, 0x0, 0x0, 0x0, 0x0, 0x6, 0xff,
    0xfb, 0xdf, 0xff, 0x40, 0x0, 0x0, 0x0, 0x0,
    0x0, 0x6, 0xff, 0xfc, 0xcf, 0xff, 0x50, 0x0,
    0x0, 0x0, 0x0, 0x0, 0x7, 0xff, 0xfb, 0xbf,
    0xff, 0x70, 0x0, 0x0, 0x0, 0x0, 0x0, 0x8,
    0xff, 0xf9, 0x8f, 0xff, 0xb0, 0x0, 0x0, 0x0,
    0x0, 0x0, 0xd, 0xff, 0xf7, 0x4f, 0xff, 0xf3,
    0x0, 0x4, 0xdd, 0xd5, 0x0, 0x2f, 0xff, 0xf2,
    0xe, 0xff, 0xfc, 0x0, 0x0, 0x9f, 0xff, 0x30,
    0xbf, 0xff, 0xc0, 0x6, 0xff, 0xff, 0x80, 0x0,
    0xb, 0xff, 0xe9, 0xff, 0xff, 0x40, 0x0, 0xdf,
    0xff, 0xfc, 0x30, 0x1, 0xdf, 0xff, 0xff, 0xfa,
    0x0, 0x0, 0x2e, 0xff, 0xff, 0xfe, 0xcc, 0xef,
    0xff, 0xff, 0xc1, 0x0, 0x0, 0x2, 0xdf, 0xff,
    0xff, 0xff, 0xff, 0xff, 0xfe, 0x10, 0x0, 0x0,
    0x0, 0x19, 0xff, 0xff, 0xff, 0xff, 0xff, 0xff,
    0x50, 0x0, 0x0, 0x0, 0x0, 0x17, 0xbd, 0xff,
    0xdb, 0x6c, 0xff, 0xf3, 0x0, 0x0, 0x0, 0x0,
    0x0, 0x0, 0x0, 0x0, 0x1, 0xef, 0xfe, 0x10,
    0x0, 0x0, 0x0, 0x0, 0x0, 0x0, 0x0, 0x0,
    0x27, 0x77, 0x40,

    /* U+0052 "R" */
    0xf, 0xff, 0xff, 0xff, 0xff, 0xfe, 0xb7, 0x0,
    0x0, 0x0, 0xff, 0xff, 0xff, 0xff, 0xff, 0xff,
    0xfe, 0x60, 0x0, 0xf, 0xff, 0xff, 0xff, 0xff,
    0xff, 0xff, 0xff, 0x90, 0x0, 0xff, 0xff, 0x88,
    0x88, 0x8a, 0xcf, 0xff, 0xff, 0x50, 0xf, 0xff,
    0xf0, 0x0, 0x0, 0x0, 0x3e, 0xff, 0xfd, 0x0,
    0xff, 0xff, 0x0, 0x0, 0x0, 0x0, 0x3f, 0xff,
    0xf2, 0xf, 0xff, 0xf0, 0x0, 0x0, 0x0, 0x0,
    0xdf, 0xff, 0x40, 0xff, 0xff, 0x0, 0x0, 0x0,
    0x0, 0xc, 0xff, 0xf4, 0xf, 0xff, 0xf0, 0x0,
    0x0, 0x0, 0x0, 0xff, 0xff, 0x20, 0xff, 0xff,
    0x0, 0x0, 0x0, 0x0, 0x8f, 0xff, 0xe0, 0xf,
    0xff, 0xf0, 0x0, 0x0, 0x14, 0xbf, 0xff, 0xf8,
    0x0, 0xff, 0xff, 0xff, 0xff, 0xff, 0xff, 0xff,
    0xfd, 0x0, 0xf, 0xff, 0xff, 0xff, 0xff, 0xff,
    0xff, 0xfc, 0x10, 0x0, 0xff, 0xff, 0xff, 0xff,
    0xff, 0xff, 0xf5, 0x0, 0x0, 0xf, 0xff, 0xf7,
    0x66, 0x67, 0xff, 0xff, 0x50, 0x0, 0x0, 0xff,
    0xff, 0x0, 0x0, 0x9, 0xff, 0xfd, 0x0, 0x0,
    0xf, 0xff, 0xf0, 0x0, 0x0, 0x1f, 0xff, 0xf6,
    0x0, 0x0, 0xff, 0xff, 0x0, 0x0, 0x0, 0x9f,
    0xff, 0xe0, 0x0, 0xf, 0xff, 0xf0, 0x0, 0x0,
    0x1, 0xff, 0xff, 0x60, 0x0, 0xff, 0xff, 0x0,
    0x0, 0x0, 0x8, 0xff, 0xfe, 0x0, 0xf, 0xff,
    0xf0, 0x0, 0x0, 0x0, 0x1f, 0xff, 0xf7, 0x0,
    0xff, 0xff, 0x0, 0x0, 0x0, 0x0, 0x8f, 0xff,
    0xe1, 0xf, 0xff, 0xf0, 0x0, 0x0, 0x0, 0x1,
    0xff, 0xff, 0x80,

    /* U+0053 "S" */
    0x0, 0x0, 0x6, 0xac, 0xef, 0xca, 0x81, 0x0,
    0x0, 0x0, 0x0, 0x7e, 0xff, 0xff, 0xff, 0xff,
    0xf8, 0x0, 0x0, 0x0, 0xbf, 0xff, 0xff, 0xff,
    0xff, 0xff, 0xfd, 0x10, 0x0, 0x8f, 0xff, 0xff,
    0xb9, 0x9b, 0xff, 0xff, 0xfa, 0x0, 0xf, 0xff,
    0xfc, 0x20, 0x0, 0x1, 0xaf, 0xff, 0xf2, 0x4,
    0xff, 0xff, 0x10, 0x0, 0x0, 0x0, 0xcf, 0xff,
    0x70, 0x5f, 0xff, 0xc0, 0x0, 0x0, 0x0, 0x6,
    0xff, 0xfa, 0x3, 0xff, 0xff, 0x10, 0x0, 0x0,
    0x0, 0x3, 0x33, 0x20, 0xf, 0xff, 0xfc, 0x30,
    0x0, 0x0, 0x0, 0x0, 0x0, 0x0, 0x6f, 0xff,
    0xff, 0xd9, 0x51, 0x0, 0x0, 0x0, 0x0, 0x0,
    0x8f, 0xff, 0xff, 0xff, 0xfd, 0x84, 0x0, 0x0,
    0x0, 0x0, 0x2b, 0xff, 0xff, 0xff, 0xff, 0xfe,
    0x50, 0x0, 0x0, 0x0, 0x1, 0x5a, 0xdf, 0xff,
    0xff, 0xff, 0xa0, 0x0, 0x0, 0x0, 0x0, 0x0,
    0x15, 0x9f, 0xff, 0xff, 0x70, 0x0, 0x0, 0x0,
    0x0, 0x0, 0x0, 0x1b, 0xff, 0xff, 0x9, 0xbb,
    0xb3, 0x0, 0x0, 0x0, 0x0, 0xf, 0xff, 0xf2,
    0xbf, 0xff, 0x70, 0x0, 0x0, 0x0, 0x0, 0xdf,
    0xff, 0x48, 0xff, 0xfd, 0x0, 0x0, 0x0, 0x0,
    0x2f, 0xff, 0xf2, 0x3f, 0xff, 0xfb, 0x20, 0x0,
    0x0, 0x3d, 0xff, 0xfe, 0x0, 0xaf, 0xff, 0xff,
    0xc9, 0x89, 0xcf, 0xff, 0xff, 0x60, 0x0, 0xcf,
    0xff, 0xff, 0xff, 0xff, 0xff, 0xff, 0xa0, 0x0,
    0x0, 0x9f, 0xff, 0xff, 0xff, 0xff, 0xfd, 0x60,
    0x0, 0x0, 0x0, 0x17, 0xbd, 0xff, 0xdb, 0x95,
    0x0, 0x0, 0x0,

    /* U+0054 "T" */
    0x4f, 0xff, 0xff, 0xff, 0xff, 0xff, 0xff, 0xff,
    0xff, 0xf5, 0x4f, 0xff, 0xff, 0xff, 0xff, 0xff,
    0xff, 0xff, 0xff, 0xf5, 0x4f, 0xff, 0xff, 0xff,
    0xff, 0xff, 0xff, 0xff, 0xff, 0xf5, 0x29, 0x99,
    0x99, 0x99, 0xff, 0xff, 0xa9, 0x99, 0x99, 0x93,
    0x0, 0x0, 0x0, 0x0, 0xff, 0xff, 0x10, 0x0,
    0x0, 0x0, 0x0, 0x0, 0x0, 0x0, 0xff, 0xff,
    0x10, 0x0, 0x0, 0x0, 0x0, 0x0, 0x0, 0x0,
    0xff, 0xff, 0x10, 0x0, 0x0, 0x0, 0x0, 0x0,
    0x0, 0x0, 0xff, 0xff, 0x10, 0x0, 0x0, 0x0,
    0x0, 0x0, 0x0, 0x0, 0xff, 0xff, 0x10, 0x0,
    0x0, 0x0, 0x0, 0x0, 0x0, 0x0, 0xff, 0xff,
    0x10, 0x0, 0x0, 0x0, 0x0, 0x0, 0x0, 0x0,
    0xff, 0xff, 0x10, 0x0, 0x0, 0x0, 0x0, 0x0,
    0x0, 0x0, 0xff, 0xff, 0x10, 0x0, 0x0, 0x0,
    0x0, 0x0, 0x0, 0x0, 0xff, 0xff, 0x10, 0x0,
    0x0, 0x0, 0x0, 0x0, 0x0, 0x0, 0xff, 0xff,
    0x10, 0x0, 0x0, 0x0, 0x0, 0x0, 0x0, 0x0,
    0xff, 0xff, 0x10, 0x0, 0x0, 0x0, 0x0, 0x0,
    0x0, 0x0, 0xff, 0xff, 0x10, 0x0, 0x0, 0x0,
    0x0, 0x0, 0x0, 0x0, 0xff, 0xff, 0x10, 0x0,
    0x0, 0x0, 0x0, 0x0, 0x0, 0x0, 0xff, 0xff,
    0x10, 0x0, 0x0, 0x0, 0x0, 0x0, 0x0, 0x0,
    0xff, 0xff, 0x10, 0x0, 0x0, 0x0, 0x0, 0x0,
    0x0, 0x0, 0xff, 0xff, 0x10, 0x0, 0x0, 0x0,
    0x0, 0x0, 0x0, 0x0, 0xff, 0xff, 0x10, 0x0,
    0x0, 0x0, 0x0, 0x0, 0x0, 0x0, 0xff, 0xff,
    0x10, 0x0, 0x0, 0x0, 0x0, 0x0, 0x0, 0x0,
    0xff, 0xff, 0x10, 0x0, 0x0, 0x0,

    /* U+0055 "U" */
    0x2f, 0xff, 0xe0, 0x0, 0x0, 0x0, 0x0, 0x6,
    0xff, 0xfa, 0x2f, 0xff, 0xe0, 0x0, 0x0, 0x0,
    0x0, 0x6, 0xff, 0xfa, 0x2f, 0xff, 0xe0, 0x0,
    0x0, 0x0, 0x0, 0x6, 0xff, 0xfa, 0x2f, 0xff,
    0xe0, 0x0, 0x0, 0x0, 0x0, 0x6, 0xff, 0xfa,
    0x2f, 0xff, 0xe0, 0x0, 0x0, 0x0, 0x0, 0x6,
    0xff, 0xfa, 0x2f, 0xff, 0xe0, 0x0, 0x0, 0x0,
    0x0, 0x6, 0xff, 0xfa, 0x2f, 0xff, 0xe0, 0x0,
    0x0, 0x0, 0x0, 0x6, 0xff, 0xfa, 0x2f, 0xff,
    0xe0, 0x0, 0x0, 0x0, 0x0, 0x6, 0xff, 0xfa,
    0x2f, 0xff, 0xe0, 0x0, 0x0, 0x0, 0x0, 0x6,
    0xff, 0xfa, 0x2f, 0xff, 0xe0, 0x0, 0x0, 0x0,
    0x0, 0x6, 0xff, 0xfa, 0x2f, 0xff, 0xe0, 0x0,
    0x0, 0x0, 0x0, 0x6, 0xff, 0xfa, 0x2f, 0xff,
    0xe0, 0x0, 0x0, 0x0, 0x0, 0x6, 0xff, 0xfa,
    0x2f, 0xff, 0xe0, 0x0, 0x0, 0x0, 0x0, 0x6,
    0xff, 0xfa, 0x2f, 0xff, 0xe0, 0x0, 0x0, 0x0,
    0x0, 0x6, 0xff, 0xfa, 0x2f, 0xff, 0xf0, 0x0,
    0x0, 0x0, 0x0, 0x7, 0xff, 0xfa, 0x1f, 0xff,
    0xf2, 0x0, 0x0, 0x0, 0x0, 0x9, 0xff, 0xf9,
    0xf, 0xff, 0xf6, 0x0, 0x0, 0x0, 0x0, 0xd,
    0xff, 0xf7, 0xb, 0xff, 0xff, 0x20, 0x0, 0x0,
    0x0, 0x8f, 0xff, 0xf3, 0x4, 0xff, 0xff, 0xe6,
    0x0, 0x0, 0x1a, 0xff, 0xff, 0xc0, 0x0, 0xaf,
    0xff, 0xff, 0xfc, 0xbe, 0xff, 0xff, 0xff, 0x30,
    0x0, 0xb, 0xff, 0xff, 0xff, 0xff, 0xff, 0xff,
    0xf5, 0x0, 0x0, 0x0, 0x7f, 0xff, 0xff, 0xff,
    0xff, 0xfc, 0x20, 0x0, 0x0, 0x0, 0x0, 0x6a,
    0xdf, 0xfe, 0xc8, 0x30, 0x0, 0x0,

    /* U+0056 "V" */
    0x9f, 0xff, 0xd0, 0x0, 0x0, 0x0, 0x0, 0x0,
    0xc, 0xff, 0xfa, 0x4f, 0xff, 0xf3, 0x0, 0x0,
    0x0, 0x0, 0x0, 0x1f, 0xff, 0xf4, 0xe, 0xff,
    0xf8, 0x0, 0x0, 0x0, 0x0, 0x0, 0x7f, 0xff,
    0xe0, 0x8, 0xff, 0xfe, 0x0, 0x0, 0x0, 0x0,
    0x0, 0xcf, 0xff, 0x90, 0x2, 0xff, 0xff, 0x30,
    0x0, 0x0, 0x0, 0x1, 0xff, 0xff, 0x30, 0x0,
    0xcf, 0xff, 0x90, 0x0, 0x0, 0x0, 0x7, 0xff,
    0xfd, 0x0, 0x0, 0x7f, 0xff, 0xe0, 0x0, 0x0,
    0x0, 0xc, 0xff, 0xf8, 0x0, 0x0, 0x1f, 0xff,
    0xf4, 0x0, 0x0, 0x0, 0x2f, 0xff, 0xf2, 0x0,
    0x0, 0xb, 0xff, 0xf9, 0x0, 0x0, 0x0, 0x7f,
    0xff, 0xc0, 0x0, 0x0, 0x5, 0xff, 0xff, 0x0,
    0x0, 0x0, 0xcf, 0xff, 0x70, 0x0, 0x0, 0x0,
    0xff, 0xff, 0x50, 0x0, 0x2, 0xff, 0xff, 0x10,
    0x0, 0x0, 0x0, 0xaf, 0xff, 0xa0, 0x0, 0x7,
    0xff, 0xfb, 0x0, 0x0, 0x0, 0x0, 0x4f, 0xff,
    0xf0, 0x0, 0xc, 0xff, 0xf6, 0x0, 0x0, 0x0,
    0x0, 0xe, 0xff, 0xf5, 0x0, 0x1f, 0xff, 0xf0,
    0x0, 0x0, 0x0, 0x0, 0x8, 0xff, 0xfa, 0x0,
    0x6f, 0xff, 0xa0, 0x0, 0x0, 0x0, 0x0, 0x3,
    0xff, 0xfe, 0x0, 0xbf, 0xff, 0x50, 0x0, 0x0,
    0x0, 0x0, 0x0, 0xdf, 0xff, 0x40, 0xff, 0xfe,
    0x0, 0x0, 0x0, 0x0, 0x0, 0x0, 0x7f, 0xff,
    0x95, 0xff, 0xf9, 0x0, 0x0, 0x0, 0x0, 0x0,
    0x0, 0x1f, 0xff, 0xea, 0xff, 0xf3, 0x0, 0x0,
    0x0, 0x0, 0x0, 0x0, 0xc, 0xff, 0xff, 0xff,
    0xe0, 0x0, 0x0, 0x0, 0x0, 0x0, 0x0, 0x6,
    0xff, 0xff, 0xff, 0x80, 0x0, 0x0, 0x0, 0x0,
    0x0, 0x0, 0x0, 0xff, 0xff, 0xff, 0x20, 0x0,
    0x0, 0x0, 0x0, 0x0, 0x0, 0x0, 0xaf, 0xff,
    0xfd, 0x0, 0x0, 0x0, 0x0,

    /* U+0057 "W" */
    0xaf, 0xff, 0xa0, 0x0, 0x0, 0x0, 0x9, 0xff,
    0xff, 0x0, 0x0, 0x0, 0x0, 0x5f, 0xff, 0xf1,
    0x6f, 0xff, 0xe0, 0x0, 0x0, 0x0, 0xd, 0xff,
    0xff, 0x40, 0x0, 0x0, 0x0, 0x8f, 0xff, 0xc0,
    0x1f, 0xff, 0xf2, 0x0, 0x0, 0x0, 0x2f, 0xff,
    0xff, 0x80, 0x0, 0x0, 0x0, 0xcf, 0xff, 0x70,
    0xd, 0xff, 0xf6, 0x0, 0x0, 0x0, 0x6f, 0xff,
    0xff, 0xc0, 0x0, 0x0, 0x1, 0xff, 0xff, 0x30,
    0x9, 0xff, 0xfa, 0x0, 0x0, 0x0, 0xaf, 0xff,
    0xff, 0xf0, 0x0, 0x0, 0x4, 0xff, 0xff, 0x0,
    0x4, 0xff, 0xfe, 0x0, 0x0, 0x0, 0xef, 0xff,
    0xff, 0xf4, 0x0, 0x0, 0x8, 0xff, 0xfa, 0x0,
    0x0, 0xff, 0xff, 0x20, 0x0, 0x2, 0xff, 0xf8,
    0xff, 0xf8, 0x0, 0x0, 0xc, 0xff, 0xf6, 0x0,
    0x0, 0xbf, 0xff, 0x60, 0x0, 0x6, 0xff, 0xf3,
    0xdf, 0xfc, 0x0, 0x0, 0xf, 0xff, 0xf2, 0x0,
    0x0, 0x7f, 0xff, 0xa0, 0x0, 0xa, 0xff, 0xf0,
    0x9f, 0xff, 0x0, 0x0, 0x4f, 0xff, 0xd0, 0x0,
    0x0, 0x3f, 0xff, 0xe0, 0x0, 0xe, 0xff, 0xc0,
    0x6f, 0xff, 0x40, 0x0, 0x8f, 0xff, 0x90, 0x0,
    0x0, 0xe, 0xff, 0xf2, 0x0, 0x3f, 0xff, 0x80,
    0x2f, 0xff, 0x80, 0x0, 0xcf, 0xff, 0x40, 0x0,
    0x0, 0xa, 0xff, 0xf6, 0x0, 0x7f, 0xff, 0x30,
    0xd, 0xff, 0xd0, 0x0, 0xff, 0xff, 0x0, 0x0,
    0x0, 0x6, 0xff, 0xfa, 0x0, 0xbf, 0xff, 0x0,
    0x9, 0xff, 0xf1, 0x4, 0xff, 0xfc, 0x0, 0x0,
    0x0, 0x1, 0xff, 0xfd, 0x0, 0xef, 0xfb, 0x0,
    0x5, 0xff, 0xf4, 0x8, 0xff, 0xf7, 0x0, 0x0,
    0x0, 0x0, 0xdf, 0xff, 0x12, 0xff, 0xf6, 0x0,
    0x1, 0xff, 0xf8, 0xb, 0xff, 0xf3, 0x0, 0x0,
    0x0, 0x0, 0x9f, 0xff, 0x46, 0xff, 0xf2, 0x0,
    0x0, 0xcf, 0xfc, 0xf, 0xff, 0xe0, 0x0, 0x0,
    0x0, 0x0, 0x4f, 0xff, 0x89, 0xff, 0xe0, 0x0,
    0x0, 0x8f, 0xff, 0x3f, 0xff, 0xa0, 0x0, 0x0,
    0x0, 0x0, 0xf, 0xff, 0xbd, 0xff, 0xa0, 0x0,
    0x0, 0x4f, 0xff, 0x9f, 0xff, 0x60, 0x0, 0x0,
    0x0, 0x0, 0xb, 0xff, 0xff, 0xff, 0x50, 0x0,
    0x0, 0xf, 0xff, 0xff, 0xff, 0x10, 0x0, 0x0,
    0x0, 0x0, 0x7, 0xff, 0xff, 0xff, 0x10, 0x0,
    0x0, 0xb, 0xff, 0xff, 0xfd, 0x0, 0x0, 0x0,
    0x0, 0x0, 0x3, 0xff, 0xff, 0xfd, 0x0, 0x0,
    0x0, 0x7, 0xff, 0xff, 0xf9, 0x0, 0x0, 0x0,
    0x0, 0x0, 0x0, 0xef, 0xff, 0xf9, 0x0, 0x0,
    0x0, 0x2, 0xff, 0xff, 0xf4, 0x0, 0x0, 0x0,
    0x0, 0x0, 0x0, 0xaf, 0xff, 0xf4, 0x0, 0x0,
    0x0, 0x0, 0xef, 0xff, 0xf0, 0x0, 0x0, 0x0,

    /* U+0058 "X" */
    0xb, 0xff, 0xfe, 0x10, 0x0, 0x0, 0x0, 0x1,
    0xef, 0xff, 0x80, 0x1, 0xff, 0xff, 0xa0, 0x0,
    0x0, 0x0, 0xb, 0xff, 0xfd, 0x0, 0x0, 0x6f,
    0xff, 0xf4, 0x0, 0x0, 0x0, 0x6f, 0xff, 0xf3,
    0x0, 0x0, 0xb, 0xff, 0xfe, 0x10, 0x0, 0x2,
    0xff, 0xff, 0x70, 0x0, 0x0, 0x1, 0xef, 0xff,
    0xa0, 0x0, 0xc, 0xff, 0xfc, 0x0, 0x0, 0x0,
    0x0, 0x5f, 0xff, 0xf4, 0x0, 0x6f, 0xff, 0xf2,
    0x0, 0x0, 0x0, 0x0, 0xa, 0xff, 0xfe, 0x2,
    0xff, 0xff, 0x60, 0x0, 0x0, 0x0, 0x0, 0x1,
    0xef, 0xff, 0x9b, 0xff, 0xfb, 0x0, 0x0, 0x0,
    0x0, 0x0, 0x0, 0x4f, 0xff, 0xff, 0xff, 0xf1,
    0x0, 0x0, 0x0, 0x0, 0x0, 0x0, 0x9, 0xff,
    0xff, 0xff, 0x50, 0x0, 0x0, 0x0, 0x0, 0x0,
    0x0, 0x0, 0xdf, 0xff, 0xfa, 0x0, 0x0, 0x0,
    0x0, 0x0, 0x0, 0x0, 0x0, 0x9f, 0xff, 0xf8,
    0x0, 0x0, 0x0, 0x0, 0x0, 0x0, 0x0, 0x4,
    0xff, 0xff, 0xff, 0x30, 0x0, 0x0, 0x0, 0x0,
    0x0, 0x0, 0x1e, 0xff, 0xff, 0xff, 0xd0, 0x0,
    0x0, 0x0, 0x0, 0x0, 0x0, 0xbf, 0xff, 0xce,
    0xff, 0xf9, 0x0, 0x0, 0x0, 0x0, 0x0, 0x6,
    0xff, 0xff, 0x25, 0xff, 0xff, 0x40, 0x0, 0x0,
    0x0, 0x0, 0x2f, 0xff, 0xf6, 0x0, 0xbf, 0xff,
    0xe1, 0x0, 0x0, 0x0, 0x0, 0xdf, 0xff, 0xb0,
    0x0, 0x1e, 0xff, 0xfb, 0x0, 0x0, 0x0, 0x8,
    0xff, 0xff, 0x10, 0x0, 0x5, 0xff, 0xff, 0x60,
    0x0, 0x0, 0x4f, 0xff, 0xf5, 0x0, 0x0, 0x0,
    0xaf, 0xff, 0xf2, 0x0, 0x1, 0xef, 0xff, 0xa0,
    0x0, 0x0, 0x0, 0x1e, 0xff, 0xfc, 0x0, 0xa,
    0xff, 0xfe, 0x10, 0x0, 0x0, 0x0, 0x4, 0xff,
    0xff, 0x70, 0x6f, 0xff, 0xf4, 0x0, 0x0, 0x0,
    0x0, 0x0, 0x9f, 0xff, 0xf3,

    /* U+0059 "Y" */
    0x7f, 0xff, 0xf4, 0x0, 0x0, 0x0, 0x0, 0x0,
    0xaf, 0xff, 0xf1, 0xd, 0xff, 0xfd, 0x0, 0x0,
    0x0, 0x0, 0x3, 0xff, 0xff, 0x70, 0x4, 0xff,
    0xff, 0x60, 0x0, 0x0, 0x0, 0xc, 0xff, 0xfd,
    0x0, 0x0, 0xaf, 0xff, 0xf1, 0x0, 0x0, 0x0,
    0x6f, 0xff, 0xf4, 0x0, 0x0, 0x1f, 0xff, 0xf9,
    0x0, 0x0, 0x0, 0xef, 0xff, 0xa0, 0x0, 0x0,
    0x7, 0xff, 0xff, 0x30, 0x0, 0x8, 0xff, 0xff,
    0x10, 0x0, 0x0, 0x0, 0xdf, 0xff, 0xc0, 0x0,
    0x2f, 0xff, 0xf7, 0x0, 0x0, 0x0, 0x0, 0x3f,
    0xff, 0xf6, 0x0, 0xbf, 0xff, 0xd0, 0x0, 0x0,
    0x0, 0x0, 0x9, 0xff, 0xfe, 0x4, 0xff, 0xff,
    0x30, 0x0, 0x0, 0x0, 0x0, 0x1, 0xef, 0xff,
    0x8c, 0xff, 0xfa, 0x0, 0x0, 0x0, 0x0, 0x0,
    0x0, 0x6f, 0xff, 0xff, 0xff, 0xf1, 0x0, 0x0,
    0x0, 0x0, 0x0, 0x0, 0xc, 0xff, 0xff, 0xff,
    0x60, 0x0, 0x0, 0x0, 0x0, 0x0, 0x0, 0x3,
    0xff, 0xff, 0xfd, 0x0, 0x0, 0x0, 0x0, 0x0,
    0x0, 0x0, 0x0, 0x9f, 0xff, 0xf3, 0x0, 0x0,
    0x0, 0x0, 0x0, 0x0, 0x0, 0x0, 0x3f, 0xff,
    0xd0, 0x0, 0x0, 0x0, 0x0, 0x0, 0x0, 0x0,
    0x0, 0x3f, 0xff, 0xd0, 0x0, 0x0, 0x0, 0x0,
    0x0, 0x0, 0x0, 0x0, 0x3f, 0xff, 0xd0, 0x0,
    0x0, 0x0, 0x0, 0x0, 0x0, 0x0, 0x0, 0x3f,
    0xff, 0xd0, 0x0, 0x0, 0x0, 0x0, 0x0, 0x0,
    0x0, 0x0, 0x3f, 0xff, 0xd0, 0x0, 0x0, 0x0,
    0x0, 0x0, 0x0, 0x0, 0x0, 0x3f, 0xff, 0xd0,
    0x0, 0x0, 0x0, 0x0, 0x0, 0x0, 0x0, 0x0,
    0x3f, 0xff, 0xd0, 0x0, 0x0, 0x0, 0x0, 0x0,
    0x0, 0x0, 0x0, 0x3f, 0xff, 0xd0, 0x0, 0x0,
    0x0, 0x0, 0x0, 0x0, 0x0, 0x0, 0x3f, 0xff,
    0xd0, 0x0, 0x0, 0x0, 0x0,

    /* U+005A "Z" */
    0xb, 0xff, 0xff, 0xff, 0xff, 0xff, 0xff, 0xff,
    0xff, 0xf1, 0xb, 0xff, 0xff, 0xff, 0xff, 0xff,
    0xff, 0xff, 0xff, 0xf1, 0xb, 0xff, 0xff, 0xff,
    0xff, 0xff, 0xff, 0xff, 0xff, 0xf1, 0x7, 0x99,
    0x99, 0x99, 0x99, 0x99, 0x9a, 0xff, 0xff, 0xd0,
    0x0, 0x0, 0x0, 0x0, 0x0, 0x0, 0xa, 0xff,
    0xff, 0x20, 0x0, 0x0, 0x0, 0x0, 0x0, 0x0,
    0x8f, 0xff, 0xf5, 0x0, 0x0, 0x0, 0x0, 0x0,
    0x0, 0x5, 0xff, 0xff, 0x70, 0x0, 0x0, 0x0,
    0x0, 0x0, 0x0, 0x3f, 0xff, 0xfa, 0x0, 0x0,
    0x0, 0x0, 0x0, 0x0, 0x1, 0xef, 0xff, 0xd0,
    0x0, 0x0, 0x0, 0x0, 0x0, 0x0, 0xc, 0xff,
    0xfe, 0x20, 0x0, 0x0, 0x0, 0x0, 0x0, 0x0,
    0xaf, 0xff, 0xf4, 0x0, 0x0, 0x0, 0x0, 0x0,
    0x0, 0x7, 0xff, 0xff, 0x60, 0x0, 0x0, 0x0,
    0x0, 0x0, 0x0, 0x4f, 0xff, 0xf9, 0x0, 0x0,
    0x0, 0x0, 0x0, 0x0, 0x2, 0xef, 0xff, 0xc0,
    0x0, 0x0, 0x0, 0x0, 0x0, 0x0, 0xd, 0xff,
    0xfe, 0x10, 0x0, 0x0, 0x0, 0x0, 0x0, 0x0,
    0xbf, 0xff, 0xf3, 0x0, 0x0, 0x0, 0x0, 0x0,
    0x0, 0x8, 0xff, 0xff, 0x50, 0x0, 0x0, 0x0,
    0x0, 0x0, 0x0, 0x5f, 0xff, 0xf8, 0x0, 0x0,
    0x0, 0x0, 0x0, 0x0, 0x3, 0xff, 0xff, 0xa0,
    0x0, 0x0, 0x0, 0x0, 0x0, 0x0, 0xe, 0xff,
    0xff, 0xa9, 0x99, 0x99, 0x99, 0x99, 0x99, 0x92,
    0x2f, 0xff, 0xff, 0xff, 0xff, 0xff, 0xff, 0xff,
    0xff, 0xf3, 0x2f, 0xff, 0xff, 0xff, 0xff, 0xff,
    0xff, 0xff, 0xff, 0xf3, 0x2f, 0xff, 0xff, 0xff,
    0xff, 0xff, 0xff, 0xff, 0xff, 0xf3,

    /* U+005B "[" */
    0x23, 0x33, 0x33, 0x30, 0xcf, 0xff, 0xff, 0xf1,
    0xcf, 0xff, 0xff, 0xf1, 0xcf, 0xff, 0xff, 0xf1,
    0xcf, 0xff, 0x20, 0x0, 0xcf, 0xff, 0x20, 0x0,
    0xcf, 0xff, 0x20, 0x0, 0xcf, 0xff, 0x20, 0x0,
    0xcf, 0xff, 0x20, 0x0, 0xcf, 0xff, 0x20, 0x0,
    0xcf, 0xff, 0x20, 0x0, 0xcf, 0xff, 0x20, 0x0,
    0xcf, 0xff, 0x20, 0x0, 0xcf, 0xff, 0x20, 0x0,
    0xcf, 0xff, 0x20, 0x0, 0xcf, 0xff, 0x20, 0x0,
    0xcf, 0xff, 0x20, 0x0, 0xcf, 0xff, 0x20, 0x0,
    0xcf, 0xff, 0x20, 0x0, 0xcf, 0xff, 0x20, 0x0,
    0xcf, 0xff, 0x20, 0x0, 0xcf, 0xff, 0x20, 0x0,
    0xcf, 0xff, 0x20, 0x0, 0xcf, 0xff, 0x20, 0x0,
    0xcf, 0xff, 0x20, 0x0, 0xcf, 0xff, 0x20, 0x0,
    0xcf, 0xff, 0x42, 0x20, 0xcf, 0xff, 0xff, 0xf1,
    0xcf, 0xff, 0xff, 0xf1, 0xcf, 0xff, 0xff, 0xf1,

    /* U+005C "\\" */
    0xbf, 0xfb, 0x0, 0x0, 0x0, 0x0, 0x7f, 0xff,
    0x0, 0x0, 0x0, 0x0, 0x3f, 0xff, 0x40, 0x0,
    0x0, 0x0, 0xe, 0xff, 0x80, 0x0, 0x0, 0x0,
    0xa, 0xff, 0xc0, 0x0, 0x0, 0x0, 0x6, 0xff,
    0xf1, 0x0, 0x0, 0x0, 0x2, 0xff, 0xf5, 0x0,
    0x0, 0x0, 0x0, 0xdf, 0xf9, 0x0, 0x0, 0x0,
    0x0, 0x9f, 0xfe, 0x0, 0x0, 0x0, 0x0, 0x5f,
    0xff, 0x20, 0x0, 0x0, 0x0, 0x1f, 0xff, 0x60,
    0x0, 0x0, 0x0, 0xc, 0xff, 0xa0, 0x0, 0x0,
    0x0, 0x8, 0xff, 0xf0, 0x0, 0x0, 0x0, 0x4,
    0xff, 0xf3, 0x0, 0x0, 0x0, 0x0, 0xff, 0xf7,
    0x0, 0x0, 0x0, 0x0, 0xbf, 0xfc, 0x0, 0x0,
    0x0, 0x0, 0x7f, 0xff, 0x0, 0x0, 0x0, 0x0,
    0x3f, 0xff, 0x40, 0x0, 0x0, 0x0, 0xe, 0xff,
    0x80, 0x0, 0x0, 0x0, 0xa, 0xff, 0xd0, 0x0,
    0x0, 0x0, 0x6, 0xff, 0xf1, 0x0, 0x0, 0x0,
    0x1, 0xff, 0xf5, 0x0, 0x0, 0x0, 0x0, 0xdf,
    0xfa, 0x0, 0x0, 0x0, 0x0, 0x9f, 0xfe, 0x0,
    0x0, 0x0, 0x0, 0x5f, 0xff, 0x20, 0x0, 0x0,
    0x0, 0xf, 0xff, 0x60, 0x0, 0x0, 0x0, 0xc,
    0xff, 0xb0, 0x0, 0x0, 0x0, 0x8, 0xff, 0xf0,

    /* U+005D "]" */
    0x23, 0x33, 0x33, 0x30, 0xdf, 0xff, 0xff, 0xf0,
    0xdf, 0xff, 0xff, 0xf0, 0xdf, 0xff, 0xff, 0xf0,
    0x0, 0xe, 0xff, 0xf0, 0x0, 0xe, 0xff, 0xf0,
    0x0, 0xe, 0xff, 0xf0, 0x0, 0xe, 0xff, 0xf0,
    0x0, 0xe, 0xff, 0xf0, 0x0, 0xe, 0xff, 0xf0,
    0x0, 0xe, 0xff, 0xf0, 0x0, 0xe, 0xff, 0xf0,
    0x0, 0xe, 0xff, 0xf0, 0x0, 0xe, 0xff, 0xf0,
    0x0, 0xe, 0xff, 0xf0, 0x0, 0xe, 0xff, 0xf0,
    0x0, 0xe, 0xff, 0xf0, 0x0, 0xe, 0xff, 0xf0,
    0x0, 0xe, 0xff, 0xf0, 0x0, 0xe, 0xff, 0xf0,
    0x0, 0xe, 0xff, 0xf0, 0x0, 0xe, 0xff, 0xf0,
    0x0, 0xe, 0xff, 0xf0, 0x0, 0xe, 0xff, 0xf0,
    0x0, 0xe, 0xff, 0xf0, 0x0, 0xe, 0xff, 0xf0,
    0x22, 0x2e, 0xff, 0xf0, 0xdf, 0xff, 0xff, 0xf0,
    0xdf, 0xff, 0xff, 0xf0, 0xdf, 0xff, 0xff, 0xf0,

    /* U+005E "^" */
    0x0, 0x0, 0xc, 0xff, 0xf4, 0x0, 0x0, 0x0,
    0x0, 0x3f, 0xff, 0xfc, 0x0, 0x0, 0x0, 0x0,
    0xbf, 0xff, 0xff, 0x30, 0x0, 0x0, 0x2, 0xff,
    0xe6, 0xff, 0xb0, 0x0, 0x0, 0xa, 0xff, 0x70,
    0xef, 0xf2, 0x0, 0x0, 0x2f, 0xff, 0x10, 0x7f,
    0xfa, 0x0, 0x0, 0x9f, 0xf9, 0x0, 0x1f, 0xff,
    0x20, 0x1, 0xff, 0xf2, 0x0, 0x9, 0xff, 0x90,
    0x8, 0xff, 0xb0, 0x0, 0x2, 0xff, 0xf1, 0x1f,
    0xff, 0x40, 0x0, 0x0, 0xbf, 0xf8,

    /* U+005F "_" */
    0x33, 0x33, 0x33, 0x33, 0x33, 0x33, 0x33, 0x3f,
    0xff, 0xff, 0xff, 0xff, 0xff, 0xff, 0xff, 0xff,
    0xff, 0xff, 0xff, 0xff, 0xff, 0xff, 0xff, 0xff,
    0xff, 0xff, 0xff, 0xff, 0xff, 0xff,

    /* U+0060 "`" */
    0x8d, 0xdd, 0x30, 0x0, 0xdf, 0xfc, 0x0, 0x3,
    0xff, 0xf4, 0x0, 0x6, 0xff, 0xc0, 0x0, 0xa,
    0xff, 0x50,

    /* U+0061 "a" */
    0x0, 0x0, 0x7b, 0xdf, 0xec, 0x92, 0x0, 0x0,
    0x5, 0xef, 0xff, 0xff, 0xff, 0xf9, 0x0, 0x4,
    0xff, 0xff, 0xff, 0xff, 0xff, 0xf8, 0x0, 0xef,
    0xff, 0xb4, 0x13, 0x9f, 0xff, 0xf2, 0x3f, 0xff,
    0xb0, 0x0, 0x0, 0x9f, 0xff, 0x52, 0x77, 0x72,
    0x0, 0x0, 0x6, 0xff, 0xf8, 0x0, 0x0, 0x0,
    0x0, 0x25, 0xdf, 0xff, 0x90, 0x0, 0x49, 0xce,
    0xff, 0xff, 0xff, 0xf9, 0x3, 0xdf, 0xff, 0xff,
    0xff, 0xff, 0xff, 0x92, 0xef, 0xff, 0xfe, 0xa7,
    0x45, 0xff, 0xf9, 0xaf, 0xff, 0xb3, 0x0, 0x0,
    0x5f, 0xff, 0x9d, 0xff, 0xf1, 0x0, 0x0, 0x7,
    0xff, 0xf9, 0xdf, 0xff, 0x0, 0x0, 0x0, 0xdf,
    0xff, 0x9a, 0xff, 0xfb, 0x20, 0x4, 0xcf, 0xff,
    0xf9, 0x4f, 0xff, 0xff, 0xff, 0xff, 0xdf, 0xff,
    0x90, 0x7f, 0xff, 0xff, 0xff, 0xc5, 0xff, 0xf9,
    0x0, 0x2a, 0xdf, 0xec, 0x60, 0x4f, 0xff, 0x90,

    /* U+0062 "b" */
    0x3f, 0xff, 0xa0, 0x0, 0x0, 0x0, 0x0, 0x0,
    0x3, 0xff, 0xfa, 0x0, 0x0, 0x0, 0x0, 0x0,
    0x0, 0x3f, 0xff, 0xa0, 0x0, 0x0, 0x0, 0x0,
    0x0, 0x3, 0xff, 0xfa, 0x0, 0x0, 0x0, 0x0,
    0x0, 0x0, 0x3f, 0xff, 0xa0, 0x0, 0x0, 0x0,
    0x0, 0x0, 0x3, 0xff, 0xfa, 0x0, 0x0, 0x0,
    0x0, 0x0, 0x0, 0x3f, 0xff, 0xa0, 0x29, 0xdf,
    0xeb, 0x60, 0x0, 0x3, 0xff, 0xfa, 0x5f, 0xff,
    0xff, 0xff, 0xc1, 0x0, 0x3f, 0xff, 0xdf, 0xff,
    0xff, 0xff, 0xff, 0xd0, 0x3, 0xff, 0xff, 0xfe,
    0x85, 0x7c, 0xff, 0xff, 0x70, 0x3f, 0xff, 0xfd,
    0x10, 0x0, 0x8, 0xff, 0xfe, 0x3, 0xff, 0xff,
    0x30, 0x0, 0x0, 0xd, 0xff, 0xf6, 0x3f, 0xff,
    0xc0, 0x0, 0x0, 0x0, 0x7f, 0xff, 0x93, 0xff,
    0xf9, 0x0, 0x0, 0x0, 0x5, 0xff, 0xfb, 0x3f,
    0xff, 0x80, 0x0, 0x0, 0x0, 0x3f, 0xff, 0xc3,
    0xff, 0xf9, 0x0, 0x0, 0x0, 0x5, 0xff, 0xfb,
    0x3f, 0xff, 0xc0, 0x0, 0x0, 0x0, 0x7f, 0xff,
    0x93, 0xff, 0xff, 0x30, 0x0, 0x0, 0xd, 0xff,
    0xf6, 0x3f, 0xff, 0xfd, 0x10, 0x0, 0x8, 0xff,
    0xfe, 0x13, 0xff, 0xff, 0xfe, 0x95, 0x7c, 0xff,
    0xff, 0x70, 0x3f, 0xff, 0xcf, 0xff, 0xff, 0xff,
    0xff, 0xd0, 0x3, 0xff, 0xf9, 0x5f, 0xff, 0xff,
    0xff, 0xd1, 0x0, 0x3f, 0xff, 0x90, 0x29, 0xdf,
    0xeb, 0x60, 0x0, 0x0,

    /* U+0063 "c" */
    0x0, 0x0, 0x3, 0x9d, 0xfe, 0xc9, 0x30, 0x0,
    0x0, 0x0, 0xa, 0xff, 0xff, 0xff, 0xff, 0xa1,
    0x0, 0x0, 0xd, 0xff, 0xff, 0xff, 0xff, 0xff,
    0xc0, 0x0, 0xa, 0xff, 0xff, 0xb7, 0x69, 0xff,
    0xff, 0x90, 0x2, 0xff, 0xff, 0x60, 0x0, 0x3,
    0xff, 0xff, 0x0, 0x8f, 0xff, 0xa0, 0x0, 0x0,
    0x9, 0xff, 0xf5, 0xc, 0xff, 0xf4, 0x0, 0x0,
    0x0, 0x13, 0x33, 0x10, 0xef, 0xff, 0x10, 0x0,
    0x0, 0x0, 0x0, 0x0, 0xf, 0xff, 0xf0, 0x0,
    0x0, 0x0, 0x0, 0x0, 0x0, 0xff, 0xff, 0x10,
    0x0, 0x0, 0x0, 0x0, 0x0, 0xd, 0xff, 0xf3,
    0x0, 0x0, 0x0, 0x13, 0x33, 0x10, 0x8f, 0xff,
    0xa0, 0x0, 0x0, 0x9, 0xff, 0xf5, 0x2, 0xff,
    0xff, 0x50, 0x0, 0x3, 0xff, 0xff, 0x0, 0xa,
    0xff, 0xff, 0xa6, 0x59, 0xff, 0xff, 0x90, 0x0,
    0xd, 0xff, 0xff, 0xff, 0xff, 0xff, 0xc0, 0x0,
    0x0, 0x1b, 0xff, 0xff, 0xff, 0xff, 0xa1, 0x0,
    0x0, 0x0, 0x3, 0x9d, 0xfe, 0xc9, 0x30, 0x0,
    0x0,

    /* U+0064 "d" */
    0x0, 0x0, 0x0, 0x0, 0x0, 0x0, 0xe, 0xff,
    0xf0, 0x0, 0x0, 0x0, 0x0, 0x0, 0x0, 0xe,
    0xff, 0xf0, 0x0, 0x0, 0x0, 0x0, 0x0, 0x0,
    0xe, 0xff, 0xf0, 0x0, 0x0, 0x0, 0x0, 0x0,
    0x0, 0xe, 0xff, 0xf0, 0x0, 0x0, 0x0, 0x0,
    0x0, 0x0, 0xe, 0xff, 0xf0, 0x0, 0x0, 0x0,
    0x0, 0x0, 0x0, 0xe, 0xff, 0xf0, 0x0, 0x0,
    0x7, 0xce, 0xfd, 0x81, 0xe, 0xff, 0xf0, 0x0,
    0x3, 0xef, 0xff, 0xff, 0xfe, 0x2e, 0xff, 0xf0,
    0x0, 0x2f, 0xff, 0xff, 0xff, 0xff, 0xde, 0xff,
    0xf0, 0x0, 0xaf, 0xff, 0xfa, 0x66, 0x9f, 0xff,
    0xff, 0xf0, 0x3, 0xff, 0xff, 0x50, 0x0, 0x3,
    0xef, 0xff, 0xf0, 0x9, 0xff, 0xfa, 0x0, 0x0,
    0x0, 0x7f, 0xff, 0xf0, 0xd, 0xff, 0xf3, 0x0,
    0x0, 0x0, 0xf, 0xff, 0xf0, 0xf, 0xff, 0xf1,
    0x0, 0x0, 0x0, 0xd, 0xff, 0xf0, 0xf, 0xff,
    0xf0, 0x0, 0x0, 0x0, 0xb, 0xff, 0xf0, 0xf,
    0xff, 0xf1, 0x0, 0x0, 0x0, 0xd, 0xff, 0xf0,
    0xd, 0xff, 0xf3, 0x0, 0x0, 0x0, 0xf, 0xff,
    0xf0, 0x9, 0xff, 0xfa, 0x0, 0x0, 0x0, 0x7f,
    0xff, 0xf0, 0x3, 0xff, 0xff, 0x50, 0x0, 0x3,
    0xef, 0xff, 0xf0, 0x0, 0xaf, 0xff, 0xfa, 0x66,
    0x9f, 0xff, 0xff, 0xf0, 0x0, 0x2f, 0xff, 0xff,
    0xff, 0xff, 0xde, 0xff, 0xf0, 0x0, 0x3, 0xef,
    0xff, 0xff, 0xfe, 0x2d, 0xff, 0xf0, 0x0, 0x0,
    0x17, 0xcf, 0xfd, 0x81, 0xd, 0xff, 0xf0,

    /* U+0065 "e" */
    0x0, 0x0, 0x3, 0x9d, 0xff, 0xd9, 0x30, 0x0,
    0x0, 0x0, 0xa, 0xff, 0xff, 0xff, 0xff, 0xa0,
    0x0, 0x0, 0xc, 0xff, 0xff, 0xff, 0xff, 0xff,
    0xc0, 0x0, 0x7, 0xff, 0xfc, 0x53, 0x36, 0xdf,
    0xff, 0x60, 0x1, 0xff, 0xfa, 0x0, 0x0, 0x0,
    0xcf, 0xff, 0x10, 0x8f, 0xff, 0x10, 0x0, 0x0,
    0x3, 0xff, 0xf6, 0xc, 0xff, 0xfb, 0xbb, 0xbb,
    0xbb, 0xcf, 0xff, 0xa0, 0xef, 0xff, 0xff, 0xff,
    0xff, 0xff, 0xff, 0xfb, 0xf, 0xff, 0xff, 0xff,
    0xff, 0xff, 0xff, 0xff, 0xc0, 0xff, 0xfe, 0x0,
    0x0, 0x0, 0x0, 0x0, 0x0, 0xd, 0xff, 0xf1,
    0x0, 0x0, 0x0, 0x0, 0x0, 0x0, 0x9f, 0xff,
    0x70, 0x0, 0x0, 0x3, 0xaa, 0xa4, 0x3, 0xff,
    0xfe, 0x20, 0x0, 0x0, 0xcf, 0xff, 0x10, 0xa,
    0xff, 0xff, 0x73, 0x25, 0xcf, 0xff, 0xa0, 0x0,
    0xd, 0xff, 0xff, 0xff, 0xff, 0xff, 0xc0, 0x0,
    0x0, 0x1b, 0xff, 0xff, 0xff, 0xff, 0xa1, 0x0,
    0x0, 0x0, 0x4, 0x9d, 0xfe, 0xc9, 0x30, 0x0,
    0x0,

    /* U+0066 "f" */
    0x0, 0x0, 0x7, 0xce, 0xff, 0x80, 0x0, 0xd,
    0xff, 0xff, 0xf8, 0x0, 0x7, 0xff, 0xff, 0xff,
    0x80, 0x0, 0xbf, 0xff, 0xb3, 0x31, 0x0, 0xc,
    0xff, 0xf4, 0x0, 0x0, 0x0, 0xcf, 0xff, 0x20,
    0x0, 0xbf, 0xff, 0xff, 0xff, 0xff, 0x8b, 0xff,
    0xff, 0xff, 0xff, 0xf8, 0xbf, 0xff, 0xff, 0xff,
    0xff, 0x82, 0x33, 0xdf, 0xff, 0x53, 0x31, 0x0,
    0xc, 0xff, 0xf2, 0x0, 0x0, 0x0, 0xcf, 0xff,
    0x20, 0x0, 0x0, 0xc, 0xff, 0xf2, 0x0, 0x0,
    0x0, 0xcf, 0xff, 0x20, 0x0, 0x0, 0xc, 0xff,
    0xf2, 0x0, 0x0, 0x0, 0xcf, 0xff, 0x20, 0x0,
    0x0, 0xc, 0xff, 0xf2, 0x0, 0x0, 0x0, 0xcf,
    0xff, 0x20, 0x0, 0x0, 0xc, 0xff, 0xf2, 0x0,
    0x0, 0x0, 0xcf, 0xff, 0x20, 0x0, 0x0, 0xc,
    0xff, 0xf2, 0x0, 0x0, 0x0, 0xcf, 0xff, 0x20,
    0x0, 0x0, 0xc, 0xff, 0xf2, 0x0, 0x0,

    /* U+0067 "g" */
    0x0, 0x0, 0x7, 0xce, 0xfd, 0x81, 0xd, 0xff,
    0xf0, 0x0, 0x3, 0xef, 0xff, 0xff, 0xfe, 0x2d,
    0xff, 0xf0, 0x0, 0x2f, 0xff, 0xff, 0xff, 0xff,
    0xde, 0xff, 0xf0, 0x0, 0xaf, 0xff, 0xf9, 0x55,
    0x9f, 0xff, 0xff, 0xf0, 0x3, 0xff, 0xff, 0x40,
    0x0, 0x3, 0xef, 0xff, 0xf0, 0x9, 0xff, 0xfa,
    0x0, 0x0, 0x0, 0x6f, 0xff, 0xf0, 0xd, 0xff,
    0xf3, 0x0, 0x0, 0x0, 0xf, 0xff, 0xf0, 0xf,
    0xff, 0xf1, 0x0, 0x0, 0x0, 0xd, 0xff, 0xf0,
    0xf, 0xff, 0xf0, 0x0, 0x0, 0x0, 0xb, 0xff,
    0xf0, 0xf, 0xff, 0xf1, 0x0, 0x0, 0x0, 0xd,
    0xff, 0xf0, 0xd, 0xff, 0xf3, 0x0, 0x0, 0x0,
    0xf, 0xff, 0xf0, 0x9, 0xff, 0xfa, 0x0, 0x0,
    0x0, 0x6f, 0xff, 0xf0, 0x3, 0xff, 0xff, 0x40,
    0x0, 0x3, 0xef, 0xff, 0xf0, 0x0, 0xaf, 0xff,
    0xf9, 0x55, 0x9f, 0xff, 0xff, 0xf0, 0x0, 0x2f,
    0xff, 0xff, 0xff, 0xff, 0xde, 0xff, 0xf0, 0x0,
    0x3, 0xef, 0xff, 0xff, 0xfe, 0x2d, 0xff, 0xf0,
    0x0, 0x0, 0x7, 0xce, 0xfd, 0x81, 0xe, 0xff,
    0xf0, 0x0, 0x0, 0x0, 0x0, 0x0, 0x0, 0xf,
    0xff, 0xf0, 0x0, 0x66, 0x65, 0x0, 0x0, 0x0,
    0x2f, 0xff, 0xd0, 0x0, 0xef, 0xff, 0x20, 0x0,
    0x0, 0xaf, 0xff, 0x90, 0x0, 0x9f, 0xff, 0xe6,
    0x21, 0x4b, 0xff, 0xff, 0x20, 0x0, 0xd, 0xff,
    0xff, 0xff, 0xff, 0xff, 0xf8, 0x0, 0x0, 0x1,
    0xcf, 0xff, 0xff, 0xff, 0xfe, 0x60, 0x0, 0x0,
    0x0, 0x3, 0xac, 0xef, 0xdb, 0x70, 0x0, 0x0,

    /* U+0068 "h" */
    0x3f, 0xff, 0xa0, 0x0, 0x0, 0x0, 0x0, 0x0,
    0x3f, 0xff, 0xa0, 0x0, 0x0, 0x0, 0x0, 0x0,
    0x3f, 0xff, 0xa0, 0x0, 0x0, 0x0, 0x0, 0x0,
    0x3f, 0xff, 0xa0, 0x0, 0x0, 0x0, 0x0, 0x0,
    0x3f, 0xff, 0xa0, 0x0, 0x0, 0x0, 0x0, 0x0,
    0x3f, 0xff, 0xa0, 0x0, 0x0, 0x0, 0x0, 0x0,
    0x3f, 0xff, 0xa0, 0x29, 0xdf, 0xda, 0x40, 0x0,
    0x3f, 0xff, 0xa4, 0xff, 0xff, 0xff, 0xf9, 0x0,
    0x3f, 0xff, 0xdf, 0xff, 0xff, 0xff, 0xff, 0x60,
    0x3f, 0xff, 0xff, 0xe9, 0x8b, 0xff, 0xff, 0xe0,
    0x3f, 0xff, 0xfb, 0x0, 0x0, 0x4f, 0xff, 0xf4,
    0x3f, 0xff, 0xf2, 0x0, 0x0, 0xb, 0xff, 0xf6,
    0x3f, 0xff, 0xd0, 0x0, 0x0, 0x7, 0xff, 0xf8,
    0x3f, 0xff, 0xb0, 0x0, 0x0, 0x6, 0xff, 0xf9,
    0x3f, 0xff, 0xa0, 0x0, 0x0, 0x5, 0xff, 0xf9,
    0x3f, 0xff, 0xa0, 0x0, 0x0, 0x5, 0xff, 0xf9,
    0x3f, 0xff, 0xa0, 0x0, 0x0, 0x5, 0xff, 0xf9,
    0x3f, 0xff, 0xa0, 0x0, 0x0, 0x5, 0xff, 0xf9,
    0x3f, 0xff, 0xa0, 0x0, 0x0, 0x5, 0xff, 0xf9,
    0x3f, 0xff, 0xa0, 0x0, 0x0, 0x5, 0xff, 0xf9,
    0x3f, 0xff, 0xa0, 0x0, 0x0, 0x5, 0xff, 0xf9,
    0x3f, 0xff, 0xa0, 0x0, 0x0, 0x5, 0xff, 0xf9,
    0x3f, 0xff, 0xa0, 0x0, 0x0, 0x5, 0xff, 0xf9,

    /* U+0069 "i" */
    0xa, 0xfd, 0x30, 0x7f, 0xff, 0xe0, 0x9f, 0xff,
    0xf0, 0x3f, 0xff, 0xa0, 0x2, 0x75, 0x0, 0x0,
    0x0, 0x0, 0x3f, 0xff, 0xa0, 0x3f, 0xff, 0xa0,
    0x3f, 0xff, 0xa0, 0x3f, 0xff, 0xa0, 0x3f, 0xff,
    0xa0, 0x3f, 0xff, 0xa0, 0x3f, 0xff, 0xa0, 0x3f,
    0xff, 0xa0, 0x3f, 0xff, 0xa0, 0x3f, 0xff, 0xa0,
    0x3f, 0xff, 0xa0, 0x3f, 0xff, 0xa0, 0x3f, 0xff,
    0xa0, 0x3f, 0xff, 0xa0, 0x3f, 0xff, 0xa0, 0x3f,
    0xff, 0xa0, 0x3f, 0xff, 0xa0,

    /* U+006A "j" */
    0x0, 0x0, 0xaf, 0xd3, 0x0, 0x0, 0x7f, 0xff,
    0xe0, 0x0, 0x9, 0xff, 0xff, 0x0, 0x0, 0x3f,
    0xff, 0xa0, 0x0, 0x0, 0x27, 0x50, 0x0, 0x0,
    0x0, 0x0, 0x0, 0x0, 0x3, 0xff, 0xfb, 0x0,
    0x0, 0x3f, 0xff, 0xb0, 0x0, 0x3, 0xff, 0xfb,
    0x0, 0x0, 0x3f, 0xff, 0xb0, 0x0, 0x3, 0xff,
    0xfb, 0x0, 0x0, 0x3f, 0xff, 0xb0, 0x0, 0x3,
    0xff, 0xfb, 0x0, 0x0, 0x3f, 0xff, 0xb0, 0x0,
    0x3, 0xff, 0xfb, 0x0, 0x0, 0x3f, 0xff, 0xb0,
    0x0, 0x3, 0xff, 0xfb, 0x0, 0x0, 0x3f, 0xff,
    0xb0, 0x0, 0x3, 0xff, 0xfb, 0x0, 0x0, 0x3f,
    0xff, 0xb0, 0x0, 0x3, 0xff, 0xfb, 0x0, 0x0,
    0x3f, 0xff, 0xb0, 0x0, 0x3, 0xff, 0xfb, 0x0,
    0x0, 0x3f, 0xff, 0xb0, 0x0, 0x4, 0xff, 0xfb,
    0x0, 0x0, 0x6f, 0xff, 0x90, 0x3, 0x5d, 0xff,
    0xf7, 0x0, 0xff, 0xff, 0xff, 0x20, 0xf, 0xff,
    0xff, 0x60, 0x0, 0xff, 0xda, 0x30, 0x0,

    /* U+006B "k" */
    0x3f, 0xff, 0xa0, 0x0, 0x0, 0x0, 0x0, 0x0,
    0x3, 0xff, 0xfa, 0x0, 0x0, 0x0, 0x0, 0x0,
    0x0, 0x3f, 0xff, 0xa0, 0x0, 0x0, 0x0, 0x0,
    0x0, 0x3, 0xff, 0xfa, 0x0, 0x0, 0x0, 0x0,
    0x0, 0x0, 0x3f, 0xff, 0xa0, 0x0, 0x0, 0x0,
    0x0, 0x0, 0x3, 0xff, 0xfa, 0x0, 0x0, 0x0,
    0x0, 0x0, 0x0, 0x3f, 0xff, 0xa0, 0x0, 0x0,
    0x5f, 0xff, 0xf6, 0x3, 0xff, 0xfa, 0x0, 0x0,
    0x4f, 0xff, 0xf8, 0x0, 0x3f, 0xff, 0xa0, 0x0,
    0x3f, 0xff, 0xf9, 0x0, 0x3, 0xff, 0xfa, 0x0,
    0x2e, 0xff, 0xfa, 0x0, 0x0, 0x3f, 0xff, 0xa0,
    0x2e, 0xff, 0xfc, 0x0, 0x0, 0x3, 0xff, 0xfa,
    0x1d, 0xff, 0xfc, 0x0, 0x0, 0x0, 0x3f, 0xff,
    0xcd, 0xff, 0xfd, 0x10, 0x0, 0x0, 0x3, 0xff,
    0xff, 0xff, 0xff, 0x60, 0x0, 0x0, 0x0, 0x3f,
    0xff, 0xff, 0xff, 0xfe, 0x10, 0x0, 0x0, 0x3,
    0xff, 0xff, 0xfe, 0xff, 0xfc, 0x0, 0x0, 0x0,
    0x3f, 0xff, 0xf7, 0x3f, 0xff, 0xf8, 0x0, 0x0,
    0x3, 0xff, 0xfb, 0x0, 0x7f, 0xff, 0xf4, 0x0,
    0x0, 0x3f, 0xff, 0xa0, 0x0, 0xbf, 0xff, 0xe1,
    0x0, 0x3, 0xff, 0xfa, 0x0, 0x1, 0xef, 0xff,
    0xb0, 0x0, 0x3f, 0xff, 0xa0, 0x0, 0x4, 0xff,
    0xff, 0x70, 0x3, 0xff, 0xfa, 0x0, 0x0, 0x8,
    0xff, 0xff, 0x30, 0x3f, 0xff, 0xa0, 0x0, 0x0,
    0xc, 0xff, 0xfd, 0x0,

    /* U+006C "l" */
    0x3f, 0xff, 0xa3, 0xff, 0xfa, 0x3f, 0xff, 0xa3,
    0xff, 0xfa, 0x3f, 0xff, 0xa3, 0xff, 0xfa, 0x3f,
    0xff, 0xa3, 0xff, 0xfa, 0x3f, 0xff, 0xa3, 0xff,
    0xfa, 0x3f, 0xff, 0xa3, 0xff, 0xfa, 0x3f, 0xff,
    0xa3, 0xff, 0xfa, 0x3f, 0xff, 0xa3, 0xff, 0xfa,
    0x3f, 0xff, 0xa3, 0xff, 0xfa, 0x3f, 0xff, 0xa3,
    0xff, 0xfa, 0x3f, 0xff, 0xa3, 0xff, 0xfa, 0x3f,
    0xff, 0xa0,

    /* U+006D "m" */
    0x3f, 0xff, 0x80, 0x19, 0xdf, 0xd9, 0x20, 0x0,
    0x3a, 0xdf, 0xda, 0x20, 0x0, 0x3f, 0xff, 0x83,
    0xef, 0xff, 0xff, 0xf3, 0x7, 0xff, 0xff, 0xff,
    0xf5, 0x0, 0x3f, 0xff, 0xae, 0xff, 0xff, 0xff,
    0xfe, 0x5f, 0xff, 0xff, 0xff, 0xff, 0x10, 0x3f,
    0xff, 0xff, 0xc7, 0x7c, 0xff, 0xff, 0xff, 0xc7,
    0x7b, 0xff, 0xff, 0x90, 0x3f, 0xff, 0xf9, 0x0,
    0x0, 0xaf, 0xff, 0xf9, 0x0, 0x0, 0x8f, 0xff,
    0xc0, 0x3f, 0xff, 0xf0, 0x0, 0x0, 0x2f, 0xff,
    0xf1, 0x0, 0x0, 0x1f, 0xff, 0xf0, 0x3f, 0xff,
    0xc0, 0x0, 0x0, 0xf, 0xff, 0xd0, 0x0, 0x0,
    0xe, 0xff, 0xf0, 0x3f, 0xff, 0xb0, 0x0, 0x0,
    0xf, 0xff, 0xc0, 0x0, 0x0, 0xe, 0xff, 0xf0,
    0x3f, 0xff, 0xa0, 0x0, 0x0, 0xf, 0xff, 0xc0,
    0x0, 0x0, 0xe, 0xff, 0xf0, 0x3f, 0xff, 0xa0,
    0x0, 0x0, 0xf, 0xff, 0xc0, 0x0, 0x0, 0xe,
    0xff, 0xf0, 0x3f, 0xff, 0xa0, 0x0, 0x0, 0xf,
    0xff, 0xc0, 0x0, 0x0, 0xe, 0xff, 0xf0, 0x3f,
    0xff, 0xa0, 0x0, 0x0, 0xf, 0xff, 0xc0, 0x0,
    0x0, 0xe, 0xff, 0xf0, 0x3f, 0xff, 0xa0, 0x0,
    0x0, 0xf, 0xff, 0xc0, 0x0, 0x0, 0xe, 0xff,
    0xf0, 0x3f, 0xff, 0xa0, 0x0, 0x0, 0xf, 0xff,
    0xc0, 0x0, 0x0, 0xe, 0xff, 0xf0, 0x3f, 0xff,
    0xa0, 0x0, 0x0, 0xf, 0xff, 0xc0, 0x0, 0x0,
    0xe, 0xff, 0xf0, 0x3f, 0xff, 0xa0, 0x0, 0x0,
    0xf, 0xff, 0xc0, 0x0, 0x0, 0xe, 0xff, 0xf0,
    0x3f, 0xff, 0xa0, 0x0, 0x0, 0xf, 0xff, 0xc0,
    0x0, 0x0, 0xe, 0xff, 0xf0,

    /* U+006E "n" */
    0x3f, 0xff, 0x90, 0x29, 0xdf, 0xda, 0x40, 0x0,
    0x3f, 0xff, 0x94, 0xff, 0xff, 0xff, 0xf9, 0x0,
    0x3f, 0xff, 0xcf, 0xff, 0xff, 0xff, 0xff, 0x60,
    0x3f, 0xff, 0xff, 0xe9, 0x8b, 0xff, 0xff, 0xe0,
    0x3f, 0xff, 0xfb, 0x0, 0x0, 0x4f, 0xff, 0xf4,
    0x3f, 0xff, 0xf2, 0x0, 0x0, 0xb, 0xff, 0xf6,
    0x3f, 0xff, 0xd0, 0x0, 0x0, 0x7, 0xff, 0xf8,
    0x3f, 0xff, 0xb0, 0x0, 0x0, 0x6, 0xff, 0xf9,
    0x3f, 0xff, 0xa0, 0x0, 0x0, 0x5, 0xff, 0xf9,
    0x3f, 0xff, 0xa0, 0x0, 0x0, 0x5, 0xff, 0xf9,
    0x3f, 0xff, 0xa0, 0x0, 0x0, 0x5, 0xff, 0xf9,
    0x3f, 0xff, 0xa0, 0x0, 0x0, 0x5, 0xff, 0xf9,
    0x3f, 0xff, 0xa0, 0x0, 0x0, 0x5, 0xff, 0xf9,
    0x3f, 0xff, 0xa0, 0x0, 0x0, 0x5, 0xff, 0xf9,
    0x3f, 0xff, 0xa0, 0x0, 0x0, 0x5, 0xff, 0xf9,
    0x3f, 0xff, 0xa0, 0x0, 0x0, 0x5, 0xff, 0xf9,
    0x3f, 0xff, 0xa0, 0x0, 0x0, 0x5, 0xff, 0xf9,

    /* U+006F "o" */
    0x0, 0x0, 0x3, 0x9d, 0xff, 0xda, 0x50, 0x0,
    0x0, 0x0, 0x0, 0xaf, 0xff, 0xff, 0xff, 0xfc,
    0x20, 0x0, 0x0, 0xc, 0xff, 0xff, 0xff, 0xff,
    0xff, 0xe2, 0x0, 0x0, 0x9f, 0xff, 0xfb, 0x76,
    0xaf, 0xff, 0xfd, 0x0, 0x2, 0xff, 0xff, 0x60,
    0x0, 0x3, 0xef, 0xff, 0x60, 0x8, 0xff, 0xfb,
    0x0, 0x0, 0x0, 0x7f, 0xff, 0xc0, 0xc, 0xff,
    0xf4, 0x0, 0x0, 0x0, 0xf, 0xff, 0xf0, 0xe,
    0xff, 0xf1, 0x0, 0x0, 0x0, 0xe, 0xff, 0xf2,
    0xf, 0xff, 0xf0, 0x0, 0x0, 0x0, 0xc, 0xff,
    0xf3, 0xe, 0xff, 0xf1, 0x0, 0x0, 0x0, 0xd,
    0xff, 0xf2, 0xd, 0xff, 0xf4, 0x0, 0x0, 0x0,
    0xf, 0xff, 0xf1, 0x8, 0xff, 0xfa, 0x0, 0x0,
    0x0, 0x7f, 0xff, 0xc0, 0x2, 0xff, 0xff, 0x60,
    0x0, 0x3, 0xef, 0xff, 0x60, 0x0, 0xaf, 0xff,
    0xfb, 0x76, 0x9f, 0xff, 0xfd, 0x0, 0x0, 0xd,
    0xff, 0xff, 0xff, 0xff, 0xff, 0xe2, 0x0, 0x0,
    0x0, 0xaf, 0xff, 0xff, 0xff, 0xfd, 0x20, 0x0,
    0x0, 0x0, 0x3, 0x9d, 0xff, 0xea, 0x50, 0x0,
    0x0,

    /* U+0070 "p" */
    0x3f, 0xff, 0x90, 0x39, 0xdf, 0xeb, 0x60, 0x0,
    0x3, 0xff, 0xf9, 0x6f, 0xff, 0xff, 0xff, 0xc1,
    0x0, 0x3f, 0xff, 0xdf, 0xff, 0xff, 0xff, 0xff,
    0xd0, 0x3, 0xff, 0xff, 0xfe, 0x85, 0x7c, 0xff,
    0xff, 0x70, 0x3f, 0xff, 0xfd, 0x10, 0x0, 0x8,
    0xff, 0xfe, 0x3, 0xff, 0xff, 0x30, 0x0, 0x0,
    0xd, 0xff, 0xf6, 0x3f, 0xff, 0xc0, 0x0, 0x0,
    0x0, 0x7f, 0xff, 0x93, 0xff, 0xf9, 0x0, 0x0,
    0x0, 0x5, 0xff, 0xfb, 0x3f, 0xff, 0x80, 0x0,
    0x0, 0x0, 0x3f, 0xff, 0xc3, 0xff, 0xf9, 0x0,
    0x0, 0x0, 0x5, 0xff, 0xfb, 0x3f, 0xff, 0xc0,
    0x0, 0x0, 0x0, 0x7f, 0xff, 0x93, 0xff, 0xff,
    0x30, 0x0, 0x0, 0xd, 0xff, 0xf6, 0x3f, 0xff,
    0xfd, 0x10, 0x0, 0x8, 0xff, 0xfe, 0x13, 0xff,
    0xff, 0xfe, 0x95, 0x7c, 0xff, 0xff, 0x70, 0x3f,
    0xff, 0xce, 0xff, 0xff, 0xff, 0xff, 0xd0, 0x3,
    0xff, 0xfa, 0x4f, 0xff, 0xff, 0xff, 0xd1, 0x0,
    0x3f, 0xff, 0xa0, 0x29, 0xdf, 0xeb, 0x60, 0x0,
    0x3, 0xff, 0xfa, 0x0, 0x0, 0x0, 0x0, 0x0,
    0x0, 0x3f, 0xff, 0xa0, 0x0, 0x0, 0x0, 0x0,
    0x0, 0x3, 0xff, 0xfa, 0x0, 0x0, 0x0, 0x0,
    0x0, 0x0, 0x3f, 0xff, 0xa0, 0x0, 0x0, 0x0,
    0x0, 0x0, 0x3, 0xff, 0xfa, 0x0, 0x0, 0x0,
    0x0, 0x0, 0x0, 0x3f, 0xff, 0xa0, 0x0, 0x0,
    0x0, 0x0, 0x0, 0x3, 0xff, 0xfa, 0x0, 0x0,
    0x0, 0x0, 0x0, 0x0,

    /* U+0071 "q" */
    0x0, 0x0, 0x7, 0xce, 0xfd, 0x81, 0xd, 0xff,
    0xf0, 0x0, 0x3, 0xef, 0xff, 0xff, 0xfe, 0x3d,
    0xff, 0xf0, 0x0, 0x2f, 0xff, 0xff, 0xff, 0xff,
    0xee, 0xff, 0xf0, 0x0, 0xaf, 0xff, 0xfa, 0x66,
    0x9f, 0xff, 0xff, 0xf0, 0x3, 0xff, 0xff, 0x50,
    0x0, 0x3, 0xef, 0xff, 0xf0, 0x9, 0xff, 0xfa,
    0x0, 0x0, 0x0, 0x7f, 0xff, 0xf0, 0xd, 0xff,
    0xf3, 0x0, 0x0, 0x0, 0xf, 0xff, 0xf0, 0xf,
    0xff, 0xf1, 0x0, 0x0, 0x0, 0xd, 0xff, 0xf0,
    0xf, 0xff, 0xf0, 0x0, 0x0, 0x0, 0xb, 0xff,
    0xf0, 0xf, 0xff, 0xf1, 0x0, 0x0, 0x0, 0xd,
    0xff, 0xf0, 0xd, 0xff, 0xf3, 0x0, 0x0, 0x0,
    0xf, 0xff, 0xf0, 0x9, 0xff, 0xfa, 0x0, 0x0,
    0x0, 0x7f, 0xff, 0xf0, 0x3, 0xff, 0xff, 0x50,
    0x0, 0x3, 0xef, 0xff, 0xf0, 0x0, 0xaf, 0xff,
    0xfa, 0x66, 0x9f, 0xff, 0xff, 0xf0, 0x0, 0x2f,
    0xff, 0xff, 0xff, 0xff, 0xce, 0xff, 0xf0, 0x0,
    0x3, 0xef, 0xff, 0xff, 0xfd, 0x2e, 0xff, 0xf0,
    0x0, 0x0, 0x17, 0xcf, 0xfd, 0x70, 0xe, 0xff,
    0xf0, 0x0, 0x0, 0x0, 0x0, 0x0, 0x0, 0xe,
    0xff, 0xf0, 0x0, 0x0, 0x0, 0x0, 0x0, 0x0,
    0xe, 0xff, 0xf0, 0x0, 0x0, 0x0, 0x0, 0x0,
    0x0, 0xe, 0xff, 0xf0, 0x0, 0x0, 0x0, 0x0,
    0x0, 0x0, 0xe, 0xff, 0xf0, 0x0, 0x0, 0x0,
    0x0, 0x0, 0x0, 0xe, 0xff, 0xf0, 0x0, 0x0,
    0x0, 0x0, 0x0, 0x0, 0xe, 0xff, 0xf0, 0x0,
    0x0, 0x0, 0x0, 0x0, 0x0, 0xe, 0xff, 0xf0,

    /* U+0072 "r" */
    0x3f, 0xff, 0x80, 0x7d, 0xfd, 0x3f, 0xff, 0x8a,
    0xff, 0xfd, 0x3f, 0xff, 0xcf, 0xff, 0xfd, 0x3f,
    0xff, 0xff, 0xd9, 0x77, 0x3f, 0xff, 0xfa, 0x0,
    0x0, 0x3f, 0xff, 0xf1, 0x0, 0x0, 0x3f, 0xff,
    0xd0, 0x0, 0x0, 0x3f, 0xff, 0xb0, 0x0, 0x0,
    0x3f, 0xff, 0xa0, 0x0, 0x0, 0x3f, 0xff, 0xa0,
    0x0, 0x0, 0x3f, 0xff, 0xa0, 0x0, 0x0, 0x3f,
    0xff, 0xa0, 0x0, 0x0, 0x3f, 0xff, 0xa0, 0x0,
    0x0, 0x3f, 0xff, 0xa0, 0x0, 0x0, 0x3f, 0xff,
    0xa0, 0x0, 0x0, 0x3f, 0xff, 0xa0, 0x0, 0x0,
    0x3f, 0xff, 0xa0, 0x0, 0x0,

    /* U+0073 "s" */
    0x0, 0x0, 0x4a, 0xce, 0xec, 0xa3, 0x0, 0x0,
    0x0, 0x1c, 0xff, 0xff, 0xff, 0xff, 0xb0, 0x0,
    0x0, 0xcf, 0xff, 0xff, 0xff, 0xff, 0xfb, 0x0,
    0x5, 0xff, 0xfe, 0x50, 0x4, 0xdf, 0xff, 0x50,
    0x8, 0xff, 0xf6, 0x0, 0x0, 0x2f, 0xff, 0x90,
    0x8, 0xff, 0xf7, 0x0, 0x0, 0x6, 0x77, 0x50,
    0x5, 0xff, 0xff, 0x93, 0x0, 0x0, 0x0, 0x0,
    0x0, 0xcf, 0xff, 0xff, 0xfc, 0x94, 0x0, 0x0,
    0x0, 0x19, 0xff, 0xff, 0xff, 0xff, 0xe5, 0x0,
    0x0, 0x0, 0x27, 0xbe, 0xff, 0xff, 0xff, 0x60,
    0x0, 0x0, 0x0, 0x0, 0x27, 0xdf, 0xff, 0xf0,
    0x6, 0x66, 0x60, 0x0, 0x0, 0xe, 0xff, 0xf2,
    0xc, 0xff, 0xf2, 0x0, 0x0, 0xe, 0xff, 0xf2,
    0x7, 0xff, 0xfd, 0x40, 0x2, 0xaf, 0xff, 0xe0,
    0x0, 0xcf, 0xff, 0xff, 0xff, 0xff, 0xff, 0x40,
    0x0, 0x1b, 0xff, 0xff, 0xff, 0xff, 0xe5, 0x0,
    0x0, 0x0, 0x3a, 0xce, 0xfd, 0xb6, 0x0, 0x0,

    /* U+0074 "t" */
    0x0, 0xd, 0xff, 0xf1, 0x0, 0x0, 0x0, 0xdf,
    0xff, 0x10, 0x0, 0x0, 0xd, 0xff, 0xf1, 0x0,
    0x0, 0x0, 0xdf, 0xff, 0x10, 0x0, 0xbf, 0xff,
    0xff, 0xff, 0xff, 0x7b, 0xff, 0xff, 0xff, 0xff,
    0xf7, 0xbf, 0xff, 0xff, 0xff, 0xff, 0x72, 0x33,
    0xef, 0xff, 0x43, 0x31, 0x0, 0xd, 0xff, 0xf1,
    0x0, 0x0, 0x0, 0xdf, 0xff, 0x10, 0x0, 0x0,
    0xd, 0xff, 0xf1, 0x0, 0x0, 0x0, 0xdf, 0xff,
    0x10, 0x0, 0x0, 0xd, 0xff, 0xf1, 0x0, 0x0,
    0x0, 0xdf, 0xff, 0x10, 0x0, 0x0, 0xd, 0xff,
    0xf1, 0x0, 0x0, 0x0, 0xdf, 0xff, 0x10, 0x0,
    0x0, 0xd, 0xff, 0xf2, 0x0, 0x0, 0x0, 0xbf,
    0xff, 0x93, 0x31, 0x0, 0x8, 0xff, 0xff, 0xff,
    0x70, 0x0, 0x1e, 0xff, 0xff, 0xf7, 0x0, 0x0,
    0x18, 0xde, 0xff, 0x70,

    /* U+0075 "u" */
    0x3f, 0xff, 0xa0, 0x0, 0x0, 0x5, 0xff, 0xf9,
    0x3f, 0xff, 0xa0, 0x0, 0x0, 0x5, 0xff, 0xf9,
    0x3f, 0xff, 0xa0, 0x0, 0x0, 0x5, 0xff, 0xf9,
    0x3f, 0xff, 0xa0, 0x0, 0x0, 0x5, 0xff, 0xf9,
    0x3f, 0xff, 0xa0, 0x0, 0x0, 0x5, 0xff, 0xf9,
    0x3f, 0xff, 0xa0, 0x0, 0x0, 0x5, 0xff, 0xf9,
    0x3f, 0xff, 0xa0, 0x0, 0x0, 0x5, 0xff, 0xf9,
    0x3f, 0xff, 0xa0, 0x0, 0x0, 0x5, 0xff, 0xf9,
    0x3f, 0xff, 0xa0, 0x0, 0x0, 0x5, 0xff, 0xf9,
    0x3f, 0xff, 0xb0, 0x0, 0x0, 0x6, 0xff, 0xf9,
    0x3f, 0xff, 0xc0, 0x0, 0x0, 0x8, 0xff, 0xf9,
    0x1f, 0xff, 0xf0, 0x0, 0x0, 0xc, 0xff, 0xf9,
    0xe, 0xff, 0xf9, 0x0, 0x0, 0x7f, 0xff, 0xf9,
    0xa, 0xff, 0xff, 0xc8, 0x8c, 0xff, 0xff, 0xf9,
    0x2, 0xff, 0xff, 0xff, 0xff, 0xfb, 0xff, 0xf9,
    0x0, 0x5f, 0xff, 0xff, 0xff, 0x94, 0xff, 0xf9,
    0x0, 0x1, 0x9c, 0xfe, 0xb4, 0x4, 0xff, 0xf9,

    /* U+0076 "v" */
    0x8f, 0xff, 0x90, 0x0, 0x0, 0x0, 0x4f, 0xff,
    0xd2, 0xff, 0xfe, 0x0, 0x0, 0x0, 0xa, 0xff,
    0xf7, 0xc, 0xff, 0xf4, 0x0, 0x0, 0x0, 0xff,
    0xff, 0x10, 0x7f, 0xff, 0xa0, 0x0, 0x0, 0x4f,
    0xff, 0xb0, 0x1, 0xff, 0xff, 0x0, 0x0, 0xa,
    0xff, 0xf5, 0x0, 0xb, 0xff, 0xf5, 0x0, 0x0,
    0xff, 0xff, 0x0, 0x0, 0x5f, 0xff, 0xa0, 0x0,
    0x4f, 0xff, 0xa0, 0x0, 0x0, 0xff, 0xff, 0x0,
    0xa, 0xff, 0xf4, 0x0, 0x0, 0x9, 0xff, 0xf5,
    0x0, 0xff, 0xfe, 0x0, 0x0, 0x0, 0x4f, 0xff,
    0xa0, 0x4f, 0xff, 0x80, 0x0, 0x0, 0x0, 0xef,
    0xff, 0x9, 0xff, 0xf2, 0x0, 0x0, 0x0, 0x8,
    0xff, 0xf4, 0xef, 0xfc, 0x0, 0x0, 0x0, 0x0,
    0x2f, 0xff, 0xcf, 0xff, 0x60, 0x0, 0x0, 0x0,
    0x0, 0xcf, 0xff, 0xff, 0xf1, 0x0, 0x0, 0x0,
    0x0, 0x6, 0xff, 0xff, 0xfb, 0x0, 0x0, 0x0,
    0x0, 0x0, 0x1f, 0xff, 0xff, 0x50, 0x0, 0x0,
    0x0, 0x0, 0x0, 0xbf, 0xff, 0xf0, 0x0, 0x0,
    0x0,

    /* U+0077 "w" */
    0x9f, 0xff, 0x80, 0x0, 0x0, 0x3f, 0xff, 0xb0,
    0x0, 0x0, 0x1f, 0xff, 0xf1, 0x4f, 0xff, 0xd0,
    0x0, 0x0, 0x7f, 0xff, 0xf0, 0x0, 0x0, 0x6f,
    0xff, 0xc0, 0xf, 0xff, 0xf1, 0x0, 0x0, 0xcf,
    0xff, 0xf3, 0x0, 0x0, 0xaf, 0xff, 0x70, 0xa,
    0xff, 0xf5, 0x0, 0x0, 0xff, 0xff, 0xf8, 0x0,
    0x0, 0xef, 0xff, 0x20, 0x5, 0xff, 0xf9, 0x0,
    0x4, 0xff, 0xff, 0xfc, 0x0, 0x2, 0xff, 0xfd,
    0x0, 0x1, 0xff, 0xfd, 0x0, 0x9, 0xff, 0xbf,
    0xff, 0x0, 0x6, 0xff, 0xf8, 0x0, 0x0, 0xcf,
    0xff, 0x20, 0xd, 0xff, 0x5e, 0xff, 0x40, 0xb,
    0xff, 0xf3, 0x0, 0x0, 0x7f, 0xff, 0x50, 0x1f,
    0xff, 0x19, 0xff, 0x80, 0xe, 0xff, 0xe0, 0x0,
    0x0, 0x2f, 0xff, 0x90, 0x5f, 0xfd, 0x5, 0xff,
    0xc0, 0x2f, 0xff, 0xa0, 0x0, 0x0, 0xd, 0xff,
    0xd0, 0x9f, 0xf9, 0x1, 0xff, 0xf0, 0x6f, 0xff,
    0x50, 0x0, 0x0, 0x9, 0xff, 0xf1, 0xdf, 0xf4,
    0x0, 0xdf, 0xf4, 0xaf, 0xff, 0x10, 0x0, 0x0,
    0x4, 0xff, 0xf6, 0xff, 0xf0, 0x0, 0x8f, 0xf8,
    0xdf, 0xfb, 0x0, 0x0, 0x0, 0x0, 0xff, 0xfd,
    0xff, 0xb0, 0x0, 0x4f, 0xfd, 0xff, 0xf7, 0x0,
    0x0, 0x0, 0x0, 0xaf, 0xff, 0xff, 0x70, 0x0,
    0xf, 0xff, 0xff, 0xf2, 0x0, 0x0, 0x0, 0x0,
    0x6f, 0xff, 0xff, 0x20, 0x0, 0xb, 0xff, 0xff,
    0xd0, 0x0, 0x0, 0x0, 0x0, 0x1f, 0xff, 0xfd,
    0x0, 0x0, 0x6, 0xff, 0xff, 0x80, 0x0, 0x0,
    0x0, 0x0, 0xc, 0xff, 0xf9, 0x0, 0x0, 0x2,
    0xff, 0xff, 0x30, 0x0, 0x0,

    /* U+0078 "x" */
    0x1e, 0xff, 0xf6, 0x0, 0x0, 0x5, 0xff, 0xfe,
    0x10, 0x5f, 0xff, 0xe1, 0x0, 0x1, 0xef, 0xff,
    0x40, 0x0, 0xaf, 0xff, 0xa0, 0x0, 0xaf, 0xff,
    0x90, 0x0, 0x1, 0xef, 0xff, 0x40, 0x3f, 0xff,
    0xd0, 0x0, 0x0, 0x5, 0xff, 0xfd, 0xd, 0xff,
    0xf3, 0x0, 0x0, 0x0, 0xa, 0xff, 0xfc, 0xff,
    0xf8, 0x0, 0x0, 0x0, 0x0, 0x1e, 0xff, 0xff,
    0xfd, 0x0, 0x0, 0x0, 0x0, 0x0, 0x4f, 0xff,
    0xff, 0x30, 0x0, 0x0, 0x0, 0x0, 0x0, 0xef,
    0xff, 0xd0, 0x0, 0x0, 0x0, 0x0, 0x0, 0x8f,
    0xff, 0xff, 0x80, 0x0, 0x0, 0x0, 0x0, 0x3f,
    0xff, 0xff, 0xff, 0x30, 0x0, 0x0, 0x0, 0xd,
    0xff, 0xf8, 0xff, 0xfd, 0x0, 0x0, 0x0, 0x9,
    0xff, 0xf9, 0xb, 0xff, 0xf8, 0x0, 0x0, 0x4,
    0xff, 0xfe, 0x10, 0x2f, 0xff, 0xf3, 0x0, 0x1,
    0xef, 0xff, 0x50, 0x0, 0x7f, 0xff, 0xd0, 0x0,
    0xaf, 0xff, 0xa0, 0x0, 0x0, 0xcf, 0xff, 0x80,
    0x5f, 0xff, 0xe1, 0x0, 0x0, 0x2, 0xff, 0xff,
    0x30,

    /* U+0079 "y" */
    0x8f, 0xff, 0x90, 0x0, 0x0, 0x0, 0x4f, 0xff,
    0xd2, 0xff, 0xfe, 0x0, 0x0, 0x0, 0xa, 0xff,
    0xf7, 0xc, 0xff, 0xf4, 0x0, 0x0, 0x0, 0xff,
    0xff, 0x10, 0x6f, 0xff, 0xa0, 0x0, 0x0, 0x4f,
    0xff, 0xb0, 0x1, 0xff, 0xff, 0x0, 0x0, 0xa,
    0xff, 0xf5, 0x0, 0xa, 0xff, 0xf4, 0x0, 0x0,
    0xff, 0xff, 0x0, 0x0, 0x5f, 0xff, 0xa0, 0x0,
    0x4f, 0xff, 0x90, 0x0, 0x0, 0xef, 0xff, 0x0,
    0xa, 0xff, 0xf3, 0x0, 0x0, 0x9, 0xff, 0xf5,
    0x0, 0xff, 0xfd, 0x0, 0x0, 0x0, 0x3f, 0xff,
    0xa0, 0x4f, 0xff, 0x70, 0x0, 0x0, 0x0, 0xdf,
    0xfe, 0x9, 0xff, 0xf2, 0x0, 0x0, 0x0, 0x7,
    0xff, 0xf4, 0xef, 0xfc, 0x0, 0x0, 0x0, 0x0,
    0x1f, 0xff, 0xcf, 0xff, 0x60, 0x0, 0x0, 0x0,
    0x0, 0xbf, 0xff, 0xff, 0xf0, 0x0, 0x0, 0x0,
    0x0, 0x5, 0xff, 0xff, 0xfa, 0x0, 0x0, 0x0,
    0x0, 0x0, 0xf, 0xff, 0xff, 0x40, 0x0, 0x0,
    0x0, 0x0, 0x0, 0x9f, 0xff, 0xe0, 0x0, 0x0,
    0x0, 0x0, 0x0, 0x7, 0xff, 0xf8, 0x0, 0x0,
    0x0, 0x0, 0x0, 0x0, 0xdf, 0xff, 0x20, 0x0,
    0x0, 0x0, 0x0, 0x0, 0x3f, 0xff, 0xd0, 0x0,
    0x0, 0x0, 0x0, 0x33, 0x6d, 0xff, 0xf6, 0x0,
    0x0, 0x0, 0x0, 0xf, 0xff, 0xff, 0xfd, 0x0,
    0x0, 0x0, 0x0, 0x0, 0xff, 0xff, 0xff, 0x20,
    0x0, 0x0, 0x0, 0x0, 0xf, 0xff, 0xd9, 0x20,
    0x0, 0x0, 0x0, 0x0,

    /* U+007A "z" */
    0x8f, 0xff, 0xff, 0xff, 0xff, 0xff, 0xfa, 0x8f,
    0xff, 0xff, 0xff, 0xff, 0xff, 0xfa, 0x8f, 0xff,
    0xff, 0xff, 0xff, 0xff, 0xfa, 0x24, 0x44, 0x44,
    0x44, 0x7f, 0xff, 0xf3, 0x0, 0x0, 0x0, 0x1,
    0xef, 0xff, 0x70, 0x0, 0x0, 0x0, 0xb, 0xff,
    0xfa, 0x0, 0x0, 0x0, 0x0, 0x8f, 0xff, 0xd0,
    0x0, 0x0, 0x0, 0x4, 0xff, 0xff, 0x20, 0x0,
    0x0, 0x0, 0x2e, 0xff, 0xf5, 0x0, 0x0, 0x0,
    0x0, 0xcf, 0xff, 0x90, 0x0, 0x0, 0x0, 0x9,
    0xff, 0xfc, 0x0, 0x0, 0x0, 0x0, 0x6f, 0xff,
    0xe1, 0x0, 0x0, 0x0, 0x3, 0xff, 0xff, 0x40,
    0x0, 0x0, 0x0, 0x1d, 0xff, 0xfb, 0x33, 0x33,
    0x33, 0x33, 0x7f, 0xff, 0xff, 0xff, 0xff, 0xff,
    0xfc, 0x8f, 0xff, 0xff, 0xff, 0xff, 0xff, 0xfc,
    0x8f, 0xff, 0xff, 0xff, 0xff, 0xff, 0xfc,

    /* U+007B "{" */
    0x0, 0x0, 0x0, 0x0, 0x0, 0x10, 0x0, 0x0,
    0x0, 0x18, 0xef, 0xf5, 0x0, 0x0, 0x5, 0xff,
    0xff, 0xf5, 0x0, 0x0, 0x1f, 0xff, 0xff, 0xf5,
    0x0, 0x0, 0x6f, 0xff, 0xe5, 0x10, 0x0, 0x0,
    0x9f, 0xff, 0x60, 0x0, 0x0, 0x0, 0xbf, 0xff,
    0x20, 0x0, 0x0, 0x0, 0xbf, 0xff, 0x10, 0x0,
    0x0, 0x0, 0xbf, 0xff, 0x10, 0x0, 0x0, 0x0,
    0xbf, 0xff, 0x10, 0x0, 0x0, 0x0, 0xcf, 0xff,
    0x10, 0x0, 0x0, 0x0, 0xef, 0xff, 0x0, 0x0,
    0x0, 0x9, 0xff, 0xfd, 0x0, 0x0, 0x2d, 0xff,
    0xff, 0xf5, 0x0, 0x0, 0x2f, 0xff, 0xfc, 0x40,
    0x0, 0x0, 0x2f, 0xff, 0xfa, 0x20, 0x0, 0x0,
    0x2f, 0xff, 0xff, 0xe2, 0x0, 0x0, 0x0, 0x3c,
    0xff, 0xfb, 0x0, 0x0, 0x0, 0x1, 0xff, 0xff,
    0x0, 0x0, 0x0, 0x0, 0xdf, 0xff, 0x10, 0x0,
    0x0, 0x0, 0xbf, 0xff, 0x10, 0x0, 0x0, 0x0,
    0xbf, 0xff, 0x10, 0x0, 0x0, 0x0, 0xbf, 0xff,
    0x10, 0x0, 0x0, 0x0, 0xbf, 0xff, 0x10, 0x0,
    0x0, 0x0, 0xaf, 0xff, 0x30, 0x0, 0x0, 0x0,
    0x9f, 0xff, 0x70, 0x0, 0x0, 0x0, 0x5f, 0xff,
    0xf8, 0x30, 0x0, 0x0, 0xd, 0xff, 0xff, 0xf5,
    0x0, 0x0, 0x2, 0xef, 0xff, 0xf5, 0x0, 0x0,
    0x0, 0x5, 0xbd, 0xe5,

    /* U+007C "|" */
    0x47, 0x77, 0x8, 0xff, 0xf1, 0x8f, 0xff, 0x18,
    0xff, 0xf1, 0x8f, 0xff, 0x18, 0xff, 0xf1, 0x8f,
    0xff, 0x18, 0xff, 0xf1, 0x8f, 0xff, 0x18, 0xff,
    0xf1, 0x8f, 0xff, 0x18, 0xff, 0xf1, 0x8f, 0xff,
    0x18, 0xff, 0xf1, 0x8f, 0xff, 0x18, 0xff, 0xf1,
    0x8f, 0xff, 0x18, 0xff, 0xf1, 0x8f, 0xff, 0x18,
    0xff, 0xf1, 0x8f, 0xff, 0x18, 0xff, 0xf1, 0x8f,
    0xff, 0x18, 0xff, 0xf1, 0x8f, 0xff, 0x18, 0xff,
    0xf1, 0x8f, 0xff, 0x18, 0xff, 0xf1, 0x8f, 0xff,
    0x18, 0xff, 0xf1, 0x8f, 0xff, 0x18, 0xff, 0xf1,
    0x8f, 0xff, 0x18, 0xff, 0xf1, 0x8f, 0xff, 0x18,
    0xff, 0xf1, 0x8f, 0xff, 0x18, 0xff, 0xf1, 0x8f,
    0xff, 0x10,

    /* U+007D "}" */
    0x10, 0x0, 0x0, 0x0, 0x0, 0xd, 0xff, 0xb4,
    0x0, 0x0, 0x0, 0xdf, 0xff, 0xfb, 0x0, 0x0,
    0xd, 0xff, 0xff, 0xf7, 0x0, 0x0, 0x2, 0xaf,
    0xff, 0xe0, 0x0, 0x0, 0x0, 0xef, 0xff, 0x10,
    0x0, 0x0, 0xb, 0xff, 0xf2, 0x0, 0x0, 0x0,
    0xaf, 0xff, 0x30, 0x0, 0x0, 0x9, 0xff, 0xf3,
    0x0, 0x0, 0x0, 0x9f, 0xff, 0x30, 0x0, 0x0,
    0x9, 0xff, 0xf4, 0x0, 0x0, 0x0, 0x9f, 0xff,
    0x70, 0x0, 0x0, 0x6, 0xff, 0xfe, 0x30, 0x0,
    0x0, 0xd, 0xff, 0xff, 0xd8, 0x0, 0x0, 0x1a,
    0xff, 0xff, 0xa0, 0x0, 0x0, 0x5d, 0xff, 0xfa,
    0x0, 0x0, 0x9f, 0xff, 0xff, 0xa0, 0x0, 0x3f,
    0xff, 0xf8, 0x20, 0x0, 0x8, 0xff, 0xf9, 0x0,
    0x0, 0x0, 0x9f, 0xff, 0x50, 0x0, 0x0, 0x9,
    0xff, 0xf3, 0x0, 0x0, 0x0, 0x9f, 0xff, 0x30,
    0x0, 0x0, 0x9, 0xff, 0xf3, 0x0, 0x0, 0x0,
    0xaf, 0xff, 0x30, 0x0, 0x0, 0xb, 0xff, 0xf2,
    0x0, 0x0, 0x1, 0xff, 0xff, 0x0, 0x0, 0x25,
    0xcf, 0xff, 0xc0, 0x0, 0xd, 0xff, 0xff, 0xf5,
    0x0, 0x0, 0xdf, 0xff, 0xf8, 0x0, 0x0, 0xd,
    0xec, 0x92, 0x0, 0x0, 0x0,

    /* U+007E "~" */
    0x0, 0x2, 0x54, 0x10, 0x0, 0x0, 0x0, 0x0,
    0x0, 0x1c, 0xff, 0xff, 0xb1, 0x0, 0x0, 0xae,
    0xe7, 0xd, 0xff, 0xff, 0xff, 0xe5, 0x0, 0xe,
    0xff, 0x66, 0xff, 0xff, 0xff, 0xff, 0xfa, 0x7c,
    0xff, 0xf3, 0xaf, 0xfe, 0x31, 0x6f, 0xff, 0xff,
    0xff, 0xfc, 0xc, 0xff, 0x70, 0x0, 0x2d, 0xff,
    0xff, 0xff, 0x30, 0x67, 0x72, 0x0, 0x0, 0x6,
    0xbe, 0xda, 0x20, 0x0,

    /* U+00B0 "°" */
    0x0, 0x5, 0xbe, 0xea, 0x40, 0x0, 0x0, 0xaf,
    0xff, 0xff, 0xf8, 0x0, 0x8, 0xff, 0xff, 0xff,
    0xff, 0x50, 0x1f, 0xff, 0x50, 0x8, 0xff, 0xe0,
    0x5f, 0xf9, 0x0, 0x0, 0xcf, 0xf2, 0x7f, 0xf5,
    0x0, 0x0, 0x8f, 0xf4, 0x5f, 0xf8, 0x0, 0x0,
    0xbf, 0xf2, 0x1f, 0xff, 0x50, 0x7, 0xff, 0xe0,
    0x8, 0xff, 0xff, 0xff, 0xff, 0x50, 0x0, 0xbf,
    0xff, 0xff, 0xf8, 0x0, 0x0, 0x5, 0xbe, 0xea,
    0x40, 0x0,

    /* U+0394 "Δ" */
    0x0, 0x0, 0x0, 0x0, 0xbf, 0xff, 0xf9, 0x0,
    0x0, 0x0, 0x0, 0x0, 0x0, 0x0, 0x1, 0xff,
    0xff, 0xfe, 0x0, 0x0, 0x0, 0x0, 0x0, 0x0,
    0x0, 0x7, 0xff, 0xff, 0xff, 0x40, 0x0, 0x0,
    0x0, 0x0, 0x0, 0x0, 0xc, 0xff, 0xff, 0xff,
    0xa0, 0x0, 0x0, 0x0, 0x0, 0x0, 0x0, 0x2f,
    0xff, 0xef, 0xff, 0xf0, 0x0, 0x0, 0x0, 0x0,
    0x0, 0x0, 0x8f, 0xff, 0x8a, 0xff, 0xf5, 0x0,
    0x0, 0x0, 0x0, 0x0, 0x0, 0xdf, 0xff, 0x25,
    0xff, 0xfb, 0x0, 0x0, 0x0, 0x0, 0x0, 0x3,
    0xff, 0xfd, 0x0, 0xff, 0xff, 0x10, 0x0, 0x0,
    0x0, 0x0, 0x9, 0xff, 0xf7, 0x0, 0xaf, 0xff,
    0x70, 0x0, 0x0, 0x0, 0x0, 0xe, 0xff, 0xf2,
    0x0, 0x4f, 0xff, 0xc0, 0x0, 0x0, 0x0, 0x0,
    0x5f, 0xff, 0xc0, 0x0, 0xe, 0xff, 0xf2, 0x0,
    0x0, 0x0, 0x0, 0xaf, 0xff, 0x70, 0x0, 0x9,
    0xff, 0xf8, 0x0, 0x0, 0x0, 0x0, 0xff, 0xff,
    0x10, 0x0, 0x4, 0xff, 0xfd, 0x0, 0x0, 0x0,
    0x6, 0xff, 0xfc, 0x0, 0x0, 0x0, 0xef, 0xff,
    0x30, 0x0, 0x0, 0xb, 0xff, 0xf6, 0x0, 0x0,
    0x0, 0x9f, 0xff, 0x90, 0x0, 0x0, 0x1f, 0xff,
    0xf1, 0x0, 0x0, 0x0, 0x3f, 0xff, 0xe0, 0x0,
    0x0, 0x7f, 0xff, 0xb0, 0x0, 0x0, 0x0, 0xd,
    0xff, 0xf4, 0x0, 0x0, 0xdf, 0xff, 0x60, 0x0,
    0x0, 0x0, 0x8, 0xff, 0xfa, 0x0, 0x2, 0xff,
    0xff, 0x10, 0x0, 0x0, 0x0, 0x2, 0xff, 0xff,
    0x0, 0x8, 0xff, 0xfe, 0x77, 0x77, 0x77, 0x77,
    0x77, 0xff, 0xff, 0x60, 0xe, 0xff, 0xff, 0xff,
    0xff, 0xff, 0xff, 0xff, 0xff, 0xff, 0xb0, 0x4f,
    0xff, 0xff, 0xff, 0xff, 0xff, 0xff, 0xff, 0xff,
    0xff, 0xf1, 0x9f, 0xff, 0xff, 0xff, 0xff, 0xff,
    0xff, 0xff, 0xff, 0xff, 0xf7
};


/*---------------------
 *  GLYPH DESCRIPTION
 *--------------------*/

static const lv_font_fmt_txt_glyph_dsc_t glyph_dsc[] = {
    {.bitmap_index = 0, .adv_w = 0, .box_w = 0, .box_h = 0, .ofs_x = 0, .ofs_y = 0} /* id = 0 reserved */,
    {.bitmap_index = 0, .adv_w = 116, .box_w = 0, .box_h = 0, .ofs_x = 0, .ofs_y = 0},
    {.bitmap_index = 0, .adv_w = 122, .box_w = 6, .box_h = 23, .ofs_x = 1, .ofs_y = 0},
    {.bitmap_index = 69, .adv_w = 230, .box_w = 10, .box_h = 9, .ofs_x = 2, .ofs_y = 14},
    {.bitmap_index = 114, .adv_w = 316, .box_w = 20, .box_h = 23, .ofs_x = 0, .ofs_y = 0},
    {.bitmap_index = 344, .adv_w = 328, .box_w = 19, .box_h = 31, .ofs_x = 1, .ofs_y = -3},
    {.bitmap_index = 639, .adv_w = 464, .box_w = 25, .box_h = 23, .ofs_x = 2, .ofs_y = 0},
    {.bitmap_index = 927, .adv_w = 325, .box_w = 21, .box_h = 23, .ofs_x = 0, .ofs_y = 0},
    {.bitmap_index = 1169, .adv_w = 136, .box_w = 5, .box_h = 9, .ofs_x = 2, .ofs_y = 14},
    {.bitmap_index = 1192, .adv_w = 164, .box_w = 8, .box_h = 30, .ofs_x = 2, .ofs_y = -5},
    {.bitmap_index = 1312, .adv_w = 164, .box_w = 9, .box_h = 30, .ofs_x = 0, .ofs_y = -5},
    {.bitmap_index = 1447, .adv_w = 263, .box_w = 14, .box_h = 14, .ofs_x = 1, .ofs_y = 9},
    {.bitmap_index = 1545, .adv_w = 331, .box_w = 17, .box_h = 16, .ofs_x = 2, .ofs_y = 1},
    {.bitmap_index = 1681, .adv_w = 121, .box_w = 6, .box_h = 9, .ofs_x = 0, .ofs_y = -5},
    {.bitmap_index = 1708, .adv_w = 225, .box_w = 12, .box_h = 4, .ofs_x = 1, .ofs_y = 8},
    {.bitmap_index = 1732, .adv_w = 121, .box_w = 6, .box_h = 5, .ofs_x = 1, .ofs_y = 0},
    {.bitmap_index = 1747, .adv_w = 180, .box_w = 12, .box_h = 28, .ofs_x = 0, .ofs_y = -4},
    {.bitmap_index = 1915, .adv_w = 327, .box_w = 19, .box_h = 23, .ofs_x = 1, .ofs_y = 0},
    {.bitmap_index = 2134, .adv_w = 195, .box_w = 11, .box_h = 23, .ofs_x = 0, .ofs_y = 0},
    {.bitmap_index = 2261, .adv_w = 300, .box_w = 17, .box_h = 23, .ofs_x = 1, .ofs_y = 0},
    {.bitmap_index = 2457, .adv_w = 314, .box_w = 18, .box_h = 23, .ofs_x = 1, .ofs_y = 0},
    {.bitmap_index = 2664, .adv_w = 330, .box_w = 20, .box_h = 23, .ofs_x = 0, .ofs_y = 0},
    {.bitmap_index = 2894, .adv_w = 303, .box_w = 17, .box_h = 23, .ofs_x = 1, .ofs_y = 0},
    {.bitmap_index = 3090, .adv_w = 310, .box_w = 18, .box_h = 23, .ofs_x = 1, .ofs_y = 0},
    {.bitmap_index = 3297, .adv_w = 276, .box_w = 17, .box_h = 23, .ofs_x = 0, .ofs_y = 0},
    {.bitmap_index = 3493, .adv_w = 309, .box_w = 18, .box_h = 23, .ofs_x = 1, .ofs_y = 0},
    {.bitmap_index = 3700, .adv_w = 310, .box_w = 18, .box_h = 23, .ofs_x = 1, .ofs_y = 0},
    {.bitmap_index = 3907, .adv_w = 121, .box_w = 6, .box_h = 16, .ofs_x = 1, .ofs_y = 0},
    {.bitmap_index = 3955, .adv_w = 122, .box_w = 7, .box_h = 21, .ofs_x = 0, .ofs_y = -5},
    {.bitmap_index = 4029, .adv_w = 331, .box_w = 16, .box_h = 19, .ofs_x = 2, .ofs_y = 0},
    {.bitmap_index = 4181, .adv_w = 331, .box_w = 16, .box_h = 11, .ofs_x = 2, .ofs_y = 4},
    {.bitmap_index = 4269, .adv_w = 331, .box_w = 17, .box_h = 19, .ofs_x = 2, .ofs_y = 0},
    {.bitmap_index = 4431, .adv_w = 283, .box_w = 16, .box_h = 23, .ofs_x = 1, .ofs_y = 0},
    {.bitmap_index = 4615, .adv_w = 510, .box_w = 30, .box_h = 30, .ofs_x = 1, .ofs_y = -7},
    {.bitmap_index = 5065, .adv_w = 355, .box_w = 22, .box_h = 23, .ofs_x = 0, .ofs_y = 0},
    {.bitmap_index = 5318, .adv_w = 329, .box_w = 19, .box_h = 23, .ofs_x = 1, .ofs_y = 0},
    {.bitmap_index = 5537, .adv_w = 371, .box_w = 22, .box_h = 23, .ofs_x = 1, .ofs_y = 0},
    {.bitmap_index = 5790, .adv_w = 357, .box_w = 21, .box_h = 23, .ofs_x = 1, .ofs_y = 0},
    {.bitmap_index = 6032, .adv_w = 307, .box_w = 18, .box_h = 23, .ofs_x = 1, .ofs_y = 0},
    {.bitmap_index = 6239, .adv_w = 293, .box_w = 17, .box_h = 23, .ofs_x = 1, .ofs_y = 0},
    {.bitmap_index = 6435, .adv_w = 376, .box_w = 22, .box_h = 23, .ofs_x = 1, .ofs_y = 0},
    {.bitmap_index = 6688, .adv_w = 366, .box_w = 20, .box_h = 23, .ofs_x = 1, .ofs_y = 0},
    {.bitmap_index = 6918, .adv_w = 128, .box_w = 6, .box_h = 23, .ofs_x = 1, .ofs_y = 0},
    {.bitmap_index = 6987, .adv_w = 283, .box_w = 15, .box_h = 23, .ofs_x = 1, .ofs_y = 0},
    {.bitmap_index = 7160, .adv_w = 342, .box_w = 21, .box_h = 23, .ofs_x = 1, .ofs_y = 0},
    {.bitmap_index = 7402, .adv_w = 282, .box_w = 16, .box_h = 23, .ofs_x = 1, .ofs_y = 0},
    {.bitmap_index = 7586, .adv_w = 452, .box_w = 26, .box_h = 23, .ofs_x = 1, .ofs_y = 0},
    {.bitmap_index = 7885, .adv_w = 369, .box_w = 21, .box_h = 23, .ofs_x = 1, .ofs_y = 0},
    {.bitmap_index = 8127, .adv_w = 383, .box_w = 22, .box_h = 23, .ofs_x = 1, .ofs_y = 0},
    {.bitmap_index = 8380, .adv_w = 320, .box_w = 19, .box_h = 23, .ofs_x = 1, .ofs_y = 0},
    {.bitmap_index = 8599, .adv_w = 383, .box_w = 22, .box_h = 25, .ofs_x = 1, .ofs_y = -2},
    {.bitmap_index = 8874, .adv_w = 330, .box_w = 19, .box_h = 23, .ofs_x = 1, .ofs_y = 0},
    {.bitmap_index = 9093, .adv_w = 328, .box_w = 19, .box_h = 23, .ofs_x = 1, .ofs_y = 0},
    {.bitmap_index = 9312, .adv_w = 321, .box_w = 20, .box_h = 23, .ofs_x = 0, .ofs_y = 0},
    {.bitmap_index = 9542, .adv_w = 360, .box_w = 20, .box_h = 23, .ofs_x = 1, .ofs_y = 0},
    {.bitmap_index = 9772, .adv_w = 352, .box_w = 22, .box_h = 23, .ofs_x = 0, .ofs_y = 0},
    {.bitmap_index = 10025, .adv_w = 502, .box_w = 32, .box_h = 23, .ofs_x = 0, .ofs_y = 0},
    {.bitmap_index = 10393, .adv_w = 348, .box_w = 22, .box_h = 23, .ofs_x = 0, .ofs_y = 0},
    {.bitmap_index = 10646, .adv_w = 345, .box_w = 22, .box_h = 23, .ofs_x = 0, .ofs_y = 0},
    {.bitmap_index = 10899, .adv_w = 321, .box_w = 20, .box_h = 23, .ofs_x = 0, .ofs_y = 0},
    {.bitmap_index = 11129, .adv_w = 164, .box_w = 8, .box_h = 30, .ofs_x = 2, .ofs_y = -5},
    {.bitmap_index = 11249, .adv_w = 180, .box_w = 12, .box_h = 28, .ofs_x = 0, .ofs_y = -4},
    {.bitmap_index = 11417, .adv_w = 164, .box_w = 8, .box_h = 30, .ofs_x = 1, .ofs_y = -5},
    {.bitmap_index = 11537, .adv_w = 233, .box_w = 14, .box_h = 10, .ofs_x = 0, .ofs_y = 13},
    {.bitmap_index = 11607, .adv_w = 240, .box_w = 15, .box_h = 4, .ofs_x = 0, .ofs_y = -3},
    {.bitmap_index = 11637, .adv_w = 142, .box_w = 7, .box_h = 5, .ofs_x = 1, .ofs_y = 19},
    {.bitmap_index = 11655, .adv_w = 277, .box_w = 15, .box_h = 17, .ofs_x = 1, .ofs_y = 0},
    {.bitmap_index = 11783, .adv_w = 301, .box_w = 17, .box_h = 23, .ofs_x = 1, .ofs_y = 0},
    {.bitmap_index = 11979, .adv_w = 279, .box_w = 17, .box_h = 17, .ofs_x = 0, .ofs_y = 0},
    {.bitmap_index = 12124, .adv_w = 301, .box_w = 18, .box_h = 23, .ofs_x = 0, .ofs_y = 0},
    {.bitmap_index = 12331, .adv_w = 283, .box_w = 17, .box_h = 17, .ofs_x = 0, .ofs_y = 0},
    {.bitmap_index = 12476, .adv_w = 179, .box_w = 11, .box_h = 23, .ofs_x = 0, .ofs_y = 0},
    {.bitmap_index = 12603, .adv_w = 301, .box_w = 18, .box_h = 24, .ofs_x = 0, .ofs_y = -7},
    {.bitmap_index = 12819, .adv_w = 293, .box_w = 16, .box_h = 23, .ofs_x = 1, .ofs_y = 0},
    {.bitmap_index = 13003, .adv_w = 119, .box_w = 6, .box_h = 23, .ofs_x = 1, .ofs_y = 0},
    {.bitmap_index = 13072, .adv_w = 119, .box_w = 9, .box_h = 30, .ofs_x = -2, .ofs_y = -7},
    {.bitmap_index = 13207, .adv_w = 275, .box_w = 17, .box_h = 23, .ofs_x = 1, .ofs_y = 0},
    {.bitmap_index = 13403, .adv_w = 119, .box_w = 5, .box_h = 23, .ofs_x = 1, .ofs_y = 0},
    {.bitmap_index = 13461, .adv_w = 445, .box_w = 26, .box_h = 17, .ofs_x = 1, .ofs_y = 0},
    {.bitmap_index = 13682, .adv_w = 293, .box_w = 16, .box_h = 17, .ofs_x = 1, .ofs_y = 0},
    {.bitmap_index = 13818, .adv_w = 292, .box_w = 18, .box_h = 17, .ofs_x = 0, .ofs_y = 0},
    {.bitmap_index = 13971, .adv_w = 301, .box_w = 17, .box_h = 24, .ofs_x = 1, .ofs_y = -7},
    {.bitmap_index = 14175, .adv_w = 301, .box_w = 18, .box_h = 24, .ofs_x = 0, .ofs_y = -7},
    {.bitmap_index = 14391, .adv_w = 182, .box_w = 10, .box_h = 17, .ofs_x = 1, .ofs_y = 0},
    {.bitmap_index = 14476, .adv_w = 259, .box_w = 16, .box_h = 17, .ofs_x = 0, .ofs_y = 0},
    {.bitmap_index = 14612, .adv_w = 179, .box_w = 11, .box_h = 21, .ofs_x = 0, .ofs_y = 0},
    {.bitmap_index = 14728, .adv_w = 293, .box_w = 16, .box_h = 17, .ofs_x = 1, .ofs_y = 0},
    {.bitmap_index = 14864, .adv_w = 277, .box_w = 17, .box_h = 17, .ofs_x = 0, .ofs_y = 0},
    {.bitmap_index = 15009, .adv_w = 408, .box_w = 26, .box_h = 17, .ofs_x = 0, .ofs_y = 0},
    {.bitmap_index = 15230, .adv_w = 270, .box_w = 17, .box_h = 17, .ofs_x = 0, .ofs_y = 0},
    {.bitmap_index = 15375, .adv_w = 277, .box_w = 17, .box_h = 24, .ofs_x = 0, .ofs_y = -7},
    {.bitmap_index = 15579, .adv_w = 260, .box_w = 14, .box_h = 17, .ofs_x = 1, .ofs_y = 0},
    {.bitmap_index = 15698, .adv_w = 216, .box_w = 12, .box_h = 30, .ofs_x = 1, .ofs_y = -5},
    {.bitmap_index = 15878, .adv_w = 169, .box_w = 5, .box_h = 39, .ofs_x = 3, .ofs_y = -8},
    {.bitmap_index = 15976, .adv_w = 216, .box_w = 11, .box_h = 30, .ofs_x = 1, .ofs_y = -5},
    {.bitmap_index = 16141, .adv_w = 331, .box_w = 17, .box_h = 7, .ofs_x = 2, .ofs_y = 6},
    {.bitmap_index = 16201, .adv_w = 221, .box_w = 12, .box_h = 11, .ofs_x = 1, .ofs_y = 13},
    {.bitmap_index = 16267, .adv_w = 350, .box_w = 22, .box_h = 23, .ofs_x = 0, .ofs_y = 0}
};

/*---------------------
 *  CHARACTER MAPPING
 *--------------------*/

static const uint16_t unicode_list_1[] = {
    0x0, 0x2e4
};

/*Collect the unicode lists and glyph_id offsets*/
static const lv_font_fmt_txt_cmap_t cmaps[] =
{
    {
        .range_start = 32, .range_length = 95, .glyph_id_start = 1,
        .unicode_list = NULL, .glyph_id_ofs_list = NULL, .list_length = 0, .type = LV_FONT_FMT_TXT_CMAP_FORMAT0_TINY
    },
    {
        .range_start = 176, .range_length = 741, .glyph_id_start = 96,
        .unicode_list = unicode_list_1, .glyph_id_ofs_list = NULL, .list_length = 2, .type = LV_FONT_FMT_TXT_CMAP_SPARSE_TINY
    }
};

/*-----------------
 *    KERNING
 *----------------*/


/*Map glyph_ids to kern left classes*/
static const uint8_t kern_left_class_mapping[] =
{
    0, 0, 0, 1, 0, 2, 0, 3,
    1, 0, 0, 4, 5, 6, 5, 6,
    7, 8, 0, 9, 10, 11, 12, 13,
    14, 10, 8, 15, 15, 0, 16, 17,
    18, 19, 0, 0, 0, 0, 0, 0,
    0, 0, 0, 0, 0, 0, 0, 0,
    0, 0, 0, 0, 0, 0, 0, 0,
    0, 0, 0, 0, 0, 20, 0, 4,
    21, 0, 0, 0, 0, 0, 0, 0,
    0, 0, 0, 0, 0, 0, 0, 0,
    0, 0, 0, 0, 0, 0, 0, 0,
    0, 0, 0, 0, 0, 0, 0, 5,
    4, 22
};

/*Map glyph_ids to kern right classes*/
static const uint8_t kern_right_class_mapping[] =
{
    0, 1, 2, 3, 4, 5, 6, 7,
    3, 0, 0, 8, 9, 10, 9, 10,
    11, 12, 13, 14, 15, 16, 17, 12,
    18, 19, 20, 21, 21, 22, 23, 0,
    24, 25, 0, 0, 0, 0, 0, 0,
    0, 0, 0, 0, 0, 0, 0, 0,
    0, 0, 0, 0, 0, 0, 0, 0,
    0, 0, 0, 0, 0, 26, 0, 8,
    27, 0, 0, 0, 0, 0, 0, 0,
    0, 0, 0, 0, 0, 0, 0, 0,
    0, 0, 0, 0, 0, 0, 0, 0,
    0, 0, 0, 0, 0, 0, 0, 9,
    8, 28
};

/*Kern values between classes*/
static const int8_t kern_class_values[] =
{
    0, 0, 0, 0, 0, 0, -17, 0,
    0, -44, 0, 0, 0, 0, 0, -32,
    0, 0, 0, 0, 0, 0, 0, 0,
    0, 0, 0, -40, 0, 0, 0, 0,
    0, 0, 0, 0, 0, 0, 0, 0,
    0, 0, 0, 0, 0, -3, 0, 0,
    0, 0, 0, 0, 0, 0, 0, -5,
    0, 0, -17, 0, 0, 0, 0, 0,
    0, 0, 0, 0, 0, 0, 0, 0,
    0, 0, 0, 0, 0, 0, 0, 0,
    0, -32, 0, 0, 0, 0, 0, 0,
    0, 0, -17, 0, 0, -70, 0, 0,
    0, 0, 0, -23, 0, 0, 0, 0,
    0, 0, 0, 0, 0, 0, -35, -46,
    0, 0, 0, 0, 0, 0, 0, 0,
    0, 0, 0, 0, 0, -13, -4, 0,
    0, -13, 0, 0, 0, 0, 0, 0,
    0, -24, 0, -17, -10, -4, -48, 0,
    0, 0, 0, 0, 0, 0, 0, -14,
    -53, 2, -7, 0, -5, -13, -5, -5,
    0, 0, 0, -74, -22, 0, 0, 0,
    0, 0, 0, 0, 0, 0, 0, 0,
    0, -20, 0, 0, 0, 0, 0, 0,
    0, 0, 0, 0, 0, 0, 0, 0,
    0, 3, 0, -26, 0, 0, 0, 0,
    0, 0, 0, 0, 0, -14, 0, 0,
    0, 0, 0, 0, 0, -10, 0, 0,
    0, 0, 0, 0, 0, -18, -23, -15,
    0, 0, 0, 0, 0, 0, 0, 0,
    0, 0, 0, 0, 0, 0, 0, -8,
    0, 0, 0, 0, 0, 0, 0, 0,
    0, 0, 0, 0, 0, 0, 0, 0,
    0, 0, 0, -12, 0, -9, 0, 0,
    0, 0, 0, 0, 0, 0, 0, 0,
    0, 0, 0, 0, 0, 0, 0, 0,
    0, 0, 0, 0, 0, 0, 0, -27,
    0, -17, 0, 0, -24, 0, 0, 0,
    0, -23, 0, 0, 0, 0, 0, 0,
    0, 0, 0, -2, 0, 0, 0, 0,
    0, 0, 0, -10, 0, -11, 0, 0,
    -10, 0, 0, 0, 0, 0, 0, 0,
    0, 0, 0, 0, 0, 0, 0, 0,
    0, 0, 0, 0, 0, 0, 0, 0,
    0, -13, 0, 0, 0, 0, 0, 0,
    0, 0, 0, 0, 0, 0, 0, 0,
    0, 0, -23, 0, 0, 0, 0, -29,
    0, 7, -23, 9, 0, -64, 0, -8,
    0, 0, -8, -30, -5, 10, -7, -5,
    -17, -46, 0, 0, 0, 0, -81, -55,
    0, 0, 0, 0, 0, 0, 0, 0,
    0, 0, 0, 0, 0, 0, 0, 0,
    0, 0, 0, 0, 0, 0, 0, 0,
    0, -32, 0, 0, 0, 0, 0, 0,
    0, 0, 0, 0, 0, 0, 0, 0,
    0, 0, 0, 0, 0, 0, 0, 0,
    0, 0, 0, 0, 0, -35, 0, -26,
    0, 0, 0, 0, 0, 0, 0, 0,
    0, 0, 0, 0, 0, 0, 0, 0,
    0, -38, 0, 0, 0, 0, 0, 0,
    0, -38, 0, -13, 0, 0, 0, 0,
    0, 0, 0, 0, 0, 0, 0, 0,
    0, 0, 0, 0, 0, 0, 0, 0,
    0, 0, 0, 0, 0, 0, 0, -32,
    0, 0, 0, 0, 0, 0, 0, 0,
    0, -22, -20, 0, 0, 0, 0, 0,
    0, 0, 0, 0, 0, 0, 0, 0,
    0, -21, -20, -18, 0, 0, -40, 0,
    -5, 0, 0, -46, -17, 0, 8, -15,
    -47, 0, 0, 0, 0, 0, 0, 0,
    0, -13, -26, -32, -18, -34, 0, 6,
    0, 0, 0, 0, 0, 0, 0, -35,
    0, 0, 0, -23, -55, 0, -23, -29,
    -23, 0, -23, -23, 0, 0, 0, 0,
    -20, -40, 0, 0, 0, 0, -40, 0,
    -5, 0, 0, -46, -17, 0, 8, -15,
    -47, 0, 0, 0, 0, 0, 0, 0,
    0, -13, -26, -32, -18, -53, 0, 6
};


/*Collect the kern class' data in one place*/
static const lv_font_fmt_txt_kern_classes_t kern_classes =
{
    .class_pair_values   = kern_class_values,
    .left_class_mapping  = kern_left_class_mapping,
    .right_class_mapping = kern_right_class_mapping,
    .left_class_cnt      = 22,
    .right_class_cnt     = 28,
};

/*--------------------
 *  ALL CUSTOM DATA
 *--------------------*/

#if LVGL_VERSION_MAJOR == 8
/*Store all the custom data of the font*/
static  lv_font_fmt_txt_glyph_cache_t cache;
#endif

#if LVGL_VERSION_MAJOR >= 8
static const lv_font_fmt_txt_dsc_t font_dsc = {
#else
static lv_font_fmt_txt_dsc_t font_dsc = {
#endif
    .glyph_bitmap = glyph_bitmap,
    .glyph_dsc = glyph_dsc,
    .cmaps = cmaps,
    .kern_dsc = &kern_classes,
    .kern_scale = 16,
    .cmap_num = 2,
    .bpp = 4,
    .kern_classes = 1,
    .bitmap_format = 0,
#if LVGL_VERSION_MAJOR == 8
    .cache = &cache
#endif
};



/*-----------------
 *  PUBLIC FONT
 *----------------*/

/*Initialize a public general font descriptor*/
#if LVGL_VERSION_MAJOR >= 8
const lv_font_t lv_font_inter_display_32 = {
#else
lv_font_t lv_font_inter_display_32 = {
#endif
    .get_glyph_dsc = lv_font_get_glyph_dsc_fmt_txt,    /*Function pointer to get glyph's data*/
    .get_glyph_bitmap = lv_font_get_bitmap_fmt_txt,    /*Function pointer to get glyph's bitmap*/
    .line_height = 39,          /*The maximum line height required by the font*/
    .base_line = 8,             /*Baseline measured from the bottom of the line*/
#if !(LVGL_VERSION_MAJOR == 6 && LVGL_VERSION_MINOR == 0)
    .subpx = LV_FONT_SUBPX_NONE,
#endif
#if LV_VERSION_CHECK(7, 4, 0) || LVGL_VERSION_MAJOR >= 8
    .underline_position = -3,
    .underline_thickness = 3,
#endif
    .dsc = &font_dsc,          /*The custom font data. Will be accessed by `get_glyph_bitmap/dsc` */
#if LV_VERSION_CHECK(8, 2, 0) || LVGL_VERSION_MAJOR >= 9
    .fallback = NULL,
#endif
    .user_data = NULL,
};



#endif /*#if LV_FONT_INTER_DISPLAY_32*/
